Nombre completo,División,Estadio
Aldosivi,Primera Division,Jose Maria Minella
Argentinos,Primera Division,Diego Armando Maradona
Atletico Tucuman,Primera Division,Monumental Jose Fierro
Banfield,Primera Division,Florencio Sola
Barracas Central,Primera Division,"Claudio ""Chiqui"" Tapia"
Belgrano,Primera Division,"Julio Cesar Villagra ""El Gigante de Alberdi"""
Boca,Primera Division,"Alberto J. Armando ""La Bombonera"""
Central Cordoba,Primera Division,Alfredo Terrera // Estadio Unico Madre de Ciudades
Defensa y Justicia,Primera Division,"Norberto ""Tito"" Tomaghello"
Deportivo Riestra,Primera Division,Guillermo Laza
Estudiantes,Primera Division,Ciudad de Rio Cuarto - Antonio Candini
Estudiantes,Primera Division,"Dr. Jorge Luis Hirschi ""UNO"""
Gimnasia,Primera Division,Victor Antonio Legrotaglie
Gimnasia,Primera Division,Juan Carmelo Zerillo
Huracan,Primera Division,Tomas Adolfo Duco
Independiente,Primera Division,Libertadores de America - Ricardo Enrique Bochini
Independiente Rivadavia,Primera Division,Bautista Gargantini
Instituto,Primera Division,Juan Domingo Peron
Lanus,Primera Division,Ciudad de Lanus - Nestor Diaz Perez
Newell´s,Primera Division,Marcelo Bielsa
Platense,Primera Division,Ciudad de Vicente Lopez
Racing,Primera Division,"Presidente Peron ""El Cilindro de Avellaneda"""
River,Primera Division,Mas Monumental
Rosario Central,Primera Division,Gigante de Arroyito
San Lorenzo,Primera Division,Pedro Bidegain
Sarmiento,Primera Division,Eva Peron
Talleres,Primera Division,Mario Alberto Kempes
Tigre,Primera Division,Don Jose Dellagiovana
Union,Primera Division,Estadio 15 de Abril
Velez,Primera Division,Jose Amalfitani
Acassuso,Primera Nacional,La Quema
All Boys,Primera Nacional,Islas Malvinas
Almagro,Primera Nacional,Tres de Febrero
Almirante Brown,Primera Nacional,Fragata Presidente Sarmiento
Atlanta,Primera Nacional,Don Leon Kolbowski
Atletico Rafaela,Primera Nacional,Nuevo Monumental
Central Norte,Primera Nacional,Luis Guemes
Chacarita,Primera Nacional,Chacarita Juniors
Chaco For Ever,Primera Nacional,Juan Alberto Garcia
Ciudad de Bolivar,Primera Nacional,Municipal Eva Peron
Colegiales,Primera Nacional,Libertarios Unidos
Colon,Primera Nacional,Brigadier Estanislao Lopez
Defensores de Belgrano,Primera Nacional,Juan Pasquale
Deportivo Madryn,Primera Nacional,Abel Sastre
Deportivo Maipu,Primera Nacional,Omar Higinio Sperdutti
Deportivo Moron,Primera Nacional,Nuevo Francisco Urbano
Estudiantes,Primera Nacional,Ciudad de Caseros
Ferro,Primera Nacional,Arquitecto Ricardo Etcheverri
Gimnasia,Primera Nacional,Estadio 23 de Agosto
Gimnasia y Tiro,Primera Nacional,"Michel Torino ""Gigante del Norte"""
Godoy Cruz,Primera Nacional,Feliciano Gambarte
Guemes,Primera Nacional,"Arturo ""Jiya"" Miranda"
Los Andes,Primera Nacional,Eduardo Gallardon
Midland,Primera Nacional,Ciudad de Libertad
Mitre,Primera Nacional,Doctores Jose y Antonio Casteglione
Nueva Chicago,Primera Nacional,Republica de Mataderos
Patronato,Primera Nacional,Presbitero Bartolome Grella
Quilmes,Primera Nacional,Centenario Ciudad de Quilmes
Racing,Primera Nacional,Miguel Sancho
San Martin,Primera Nacional,Hilario Sanchez
San Martin,Primera Nacional,La Ciudadela
San Miguel,Primera Nacional,Malvinas Argentinas
Temperley,Primera Nacional,Alfredo Beranger
Tristan Suarez,Primera Nacional,Veinte de Octubre
Argentino,Primera B Metropolitana,Juan Carlos Brieva
Argentino,Primera B Metropolitana,"Dr. Isidoro G. Iriarte ""La Barranca Quilmeña"""
Arsenal,Primera B Metropolitana,Julio Humberto Grondona
Brown,Primera B Metropolitana,Lorenzo Arandilla
Camioneros,Primera B Metropolitana,Hugo Moyano
Comunicaciones,Primera B Metropolitana,Alfredo Ramos
Defensores Unidos,Primera B Metropolitana,Mario Lossino
Deportivo Armenio,Primera B Metropolitana,Republica de Armenia
Deportivo Laferrere,Primera B Metropolitana,Ciudad de Laferrere
Deportivo Merlo,Primera B Metropolitana,Jose Manuel Moreno
Dock Sud,Primera B Metropolitana,De los Inmigrantes
Excursionistas,Primera B Metropolitana,Coliseo del Bajo Belgrano
Flandria,Primera B Metropolitana,Carlos V
Ituzaingo,Primera B Metropolitana,Carlos Alberto Sacaan
Liniers,Primera B Metropolitana,Juan Antonio Arias
Real Pilar,Primera B Metropolitana,Carlos Barraza
San Martin,Primera B Metropolitana,Francisco Boga
Sportivo Italiano,Primera B Metropolitana,Republica de Italia
Talleres,Primera B Metropolitana,Pablo Comelli
UAI Urquiza,Primera B Metropolitana,Monumental de Villa Lynch
Villa Dalmine,Primera B Metropolitana,El Coliseo de Mitre y Puccini
Villa San Carlos,Primera B Metropolitana,Gennacio Salice
Argentino de Rosario,Primera C,Jose Martin Olaeta
Atlas,Primera C,Ricardo Puga
Atletico Lugano,Primera C,Jose Maria Moraños
Berazategui,Primera C,Norman Lee
Cambaceres,Primera C,Doce de Octubre
Cañuelas,Primera C,Jorge Alfredo Arin
Central Ballester,Primera C,Central Ballester
Central Cordoba,Primera C,Gabino Sosa
Centro Español,Primera C,Carlos Alberto Sacaan
Claypole,Primera C,Rodolfo Vicente Capocasa
Deportivo Español,Primera C,Nueva España
Deportivo Paraguayo,Primera C,Los Guaranies
El Porvenir,Primera C,Gildo Francisco Ghersinich
Estrella del Sur,Primera C,Chiqui Tapia
Fenix,Primera C,Fenix
Justo Jose de Urquiza,Primera C,Ramon Roque Martin
Juventud Unida,Primera C,Ciudad de San Miguel
Lamadrid,Primera C,Enrique Sexto
Leandro N. Alem,Primera C,Leandro N. Alem
Leones,Primera C,Antonio di Giacomo
Lujan,Primera C,1º de Abril
Mercedes,Primera C,Estadio de la Liga Mercedina
Muñiz,Primera C,Polidpeortivo Santa Brigida
Puerto Nuevo,Primera C,Ruben Carlos Vallejos
Sacachispas,Primera C,Beto Larrosa
Sportivo,Primera C,Guillermo Laza
Victoriano Arenas,Primera C,Saturnino Moure
