short_name,club_name,nationality_name,club_jersey_number,player_positions,preferred_foot,height_cm,age,overall,seleccion,pace,shooting,passing,dribbling,defending,physic,attacking_crossing,attacking_finishing,attacking_heading_accuracy,attacking_short_passing,attacking_volleys,skill_dribbling,skill_curve,skill_fk_accuracy,skill_long_passing,skill_ball_control,movement_acceleration,movement_sprint_speed,movement_agility,movement_reactions,movement_balance,power_shot_power,power_jumping,power_stamina,power_strength,power_long_shots,mentality_aggression,mentality_interceptions,mentality_positioning,mentality_vision,mentality_penalties,mentality_composure,defending_marking_awareness,defending_standing_tackle,defending_sliding_tackle,goalkeeping_diving,goalkeeping_handling,goalkeeping_kicking,goalkeeping_positioning,goalkeeping_reflexes,goalkeeping_speed,league_name
V. Johansson,Stoke City,Suecia,12,GK,Right,187,28,77,Suecia,49,34,45,44,36,60,33,28,35,55,26,31,32,36,43,48,47,51,50,74,59,55,67,54,65,28,52,40,26,47,37,54,38,32,32,75,74,68,79,76,57,UEFA Nations League B
M. Ellborg,Sunderland AFC,Suecia,23,GK,Right,191,23,67,Suecia,43,24,37,33,24,48,24,16,24,44,20,17,22,23,39,42,47,40,39,59,45,46,49,44,53,21,40,29,18,45,32,48,20,26,24,68,65,63,69,66,44,UEFA Nations League B
N. Törnqvist,AC Monza,Suecia,1,GK,Left,195,24,67,Suecia,39,26,36,33,24,48,28,18,26,38,15,19,20,25,34,37,40,38,43,65,43,47,53,43,53,26,40,32,14,48,30,50,23,20,20,67,65,61,66,67,46,UEFA Nations League B
G. Lagerbielke,SC Braga,Suecia,,CB,Right,193,26,73,Suecia,66,55,63,62,76,77,59,49,79,70,52,59,53,58,68,66,62,70,57,64,57,70,80,71,79,57,77,72,48,56,54,69,74,78,77,6,8,6,6,13,6,UEFA Nations League B
V. Lindelöf,Aston Villa,Suecia,3,CB,Right,187,32,74,Suecia,65,58,63,65,77,76,58,56,72,69,52,63,55,54,72,67,62,67,60,72,62,69,77,72,80,54,70,79,53,55,52,78,75,79,77,9,11,8,9,12,15,UEFA Nations League B
H. Ekdal,Burnley FC,Suecia,14,CB,Right,187,27,70,Suecia,65,51,54,58,74,73,48,45,72,60,41,54,45,44,63,61,61,68,55,59,60,65,75,69,76,50,71,72,53,48,52,69,79,74,63,9,7,7,12,14,9,UEFA Nations League B
C. Starfelt,RC Celta de Vigo,Suecia,15,CB,Right,185,31,76,Suecia,68,57,65,63,80,78,62,52,77,74,53,56,59,49,71,66,65,71,63,78,69,76,73,73,81,54,77,81,46,52,57,72,76,85,73,12,15,6,11,6,15,UEFA Nations League B
F. Beijmo,FC Copenhague,Suecia,,"CB, CDM",Right,185,28,70,Suecia,67,51,58,58,74,74,54,49,71,67,45,56,51,52,65,59,64,69,52,69,65,61,74,65,80,47,71,72,46,46,51,67,75,74,73,7,11,9,9,15,15,UEFA Nations League B
J. Mellberg,Red Bull Salzburgo,Suecia,2,CB,Left,191,20,64,Suecia,59,44,51,52,65,69,47,40,70,59,37,50,42,40,55,55,57,61,45,55,50,59,70,64,73,42,64,66,42,45,42,61,67,60,65,12,13,12,15,15,9,UEFA Nations League B
D. Svensson,Borussia Dortmund,Suecia,8,LB,Left,183,24,77,Suecia,82,65,71,72,74,78,75,66,68,72,60,66,66,58,73,77,84,80,75,71,76,70,80,81,76,61,77,75,68,66,62,77,77,73,75,14,9,15,10,12,7,UEFA Nations League B
G. Gudmundsson,Leeds United,Suecia,5,LB,Left,181,27,79,Suecia,84,64,75,78,76,77,76,60,72,76,63,78,73,66,76,79,84,84,79,79,79,69,73,84,74,68,75,72,71,74,62,76,73,81,78,10,9,9,10,11,14,UEFA Nations League B
E. Holm,Bolonia,Suecia,,"RB, LB",Right,191,26,76,Suecia,79,64,70,74,75,77,74,62,71,70,60,74,66,64,71,75,75,82,72,70,72,72,76,83,75,60,77,71,62,67,65,71,76,78,74,13,15,7,9,9,6,UEFA Nations League B
H. Skoglund,Hammarby IF,Suecia,22,RB,Right,181,22,69,Suecia,70,52,64,65,66,68,70,44,66,67,48,61,54,53,66,69,73,68,68,65,75,63,67,73,67,57,67,62,59,57,60,62,66,65,77,7,11,13,8,15,15,UEFA Nations League B
J. Karlström,Udinese,Suecia,16,CDM,Right,182,31,72,Suecia,65,66,68,69,76,73,64,66,66,71,56,67,61,60,70,69,64,65,67,75,68,74,75,77,72,61,70,79,62,68,67,81,74,80,71,8,11,14,13,14,13,UEFA Nations League B
Y. Ayari,Brighton & Hove Albion,Suecia,18,"CM, CDM",Right,172,23,81,Suecia,79,75,80,80,70,77,74,70,71,84,68,77,82,78,84,82,81,78,79,83,84,83,71,85,74,79,77,76,78,78,76,83,66,71,70,12,7,15,12,9,9,UEFA Nations League B
L. Bergvall,Tottenham Hotspur,Suecia,7,"CM, CAM",Right,187,20,78,Suecia,77,72,80,81,73,74,73,67,79,83,71,86,77,70,83,78,86,70,77,72,75,77,72,82,73,77,69,71,72,82,77,76,72,75,69,11,10,10,11,7,8,UEFA Nations League B
H. Larsson,Fulham FC,Suecia,20,"CM, CAM",Right,187,22,79,Suecia,75,78,81,79,71,77,81,77,70,81,71,79,74,76,84,80,76,75,75,77,79,84,70,81,78,77,72,70,72,81,76,76,72,70,74,7,10,10,11,7,9,UEFA Nations League B
B. Zeneli,Union Saint-Gilloise,Suecia,,"CM, CDM",Right,187,23,71,Suecia,69,66,72,71,63,68,63,64,61,77,59,71,68,63,73,73,68,69,63,70,67,69,68,71,69,71,63,64,67,76,60,75,61,65,59,10,10,11,10,14,6,UEFA Nations League B
B. Nygren,Celtic FC,Suecia,10,CAM,Left,187,25,77,Suecia,76,76,77,81,51,71,72,75,69,77,72,85,78,75,74,79,77,75,74,76,78,75,70,76,73,81,61,53,77,84,75,79,48,49,46,7,13,7,6,7,9,UEFA Nations League B
W. Swedberg,RC Celta de Vigo,Suecia,13,"LW, ST",Left,187,22,76,Suecia,86,74,73,76,44,71,72,74,71,77,75,77,75,74,68,76,88,84,76,78,77,73,73,79,71,75,60,44,81,72,72,75,45,38,35,7,8,6,11,10,12,UEFA Nations League B
S. Nanasi,Racing Club de Estrasburgo,Suecia,19,LW,Left,178,24,76,Suecia,83,73,72,81,45,71,77,72,59,71,69,82,79,68,64,84,83,83,78,77,78,74,63,75,72,73,66,45,77,75,74,70,44,44,40,15,8,15,7,7,8,UEFA Nations League B
E. Stroud,Hull City,Suecia,4,LW,Left,185,24,76,Suecia,86,77,73,79,45,69,74,82,71,75,70,80,77,67,63,79,86,86,78,75,80,75,69,77,68,69,62,44,76,76,73,73,44,42,36,8,6,12,6,6,10,UEFA Nations League B
P. Walemark,Lech Poznan,Suecia,11,"RW, RM",Left,184,24,73,Suecia,82,70,72,76,42,68,78,67,65,73,69,80,71,63,62,76,82,82,72,71,71,69,63,75,68,76,60,38,77,72,65,72,44,39,33,7,9,7,12,8,14,UEFA Nations League B
A. Bernhardsson,VfL Wolfsburgo,Suecia,21,RW,Left,184,28,70,Suecia,76,68,68,71,41,64,61,72,67,74,66,69,70,64,60,72,75,76,74,69,74,65,59,61,70,64,55,42,76,72,64,65,39,36,31,6,10,7,8,11,12,UEFA Nations League B
A. Isak,Liverpool FC,Suecia,9,"ST, CF",Right,190,27,85,Suecia,87,89,75,85,50,87,73,92,88,80,85,82,71,72,68,90,89,85,78,88,76,88,88,85,91,84,79,51,89,74,86,87,40,49,46,11,15,15,12,15,11,UEFA Nations League B
V. Gyökeres,Arsenal FC,Suecia,17,ST,Right,189,28,86,Suecia,90,88,73,83,52,85,67,91,89,80,88,85,81,71,64,81,89,91,79,83,79,87,89,84,89,83,77,46,91,73,84,91,50,46,46,7,7,14,14,7,12,UEFA Nations League B
P. Abraham,Hammarby IF,Suecia,,ST,Left,181,24,66,Suecia,68,71,57,66,31,66,55,77,61,59,66,66,52,55,56,65,66,70,69,66,61,68,66,64,71,64,58,30,76,57,64,64,31,25,25,14,10,15,10,11,11,UEFA Nations League B
G. Kobel,Borussia Dortmund,Suiza,,GK,Right,196,28,80,Suiza,54,38,47,43,36,63,31,32,41,59,33,29,30,28,48,48,54,54,53,76,63,59,66,57,70,33,54,42,24,52,43,55,32,36,31,80,76,77,77,82,59,UEFA Nations League B
M. Keller,BSC Young Boys,Suiza,,GK,Right,189,24,70,Suiza,45,29,42,38,27,56,30,22,31,50,20,26,24,25,41,41,43,46,48,66,58,48,59,47,62,28,51,39,21,50,34,52,21,26,23,70,67,64,72,77,47,UEFA Nations League B
Y. Mvogo,FC Lorient,Suiza,,GK,Right,190,32,70,Suiza,39,27,39,37,28,52,26,18,32,44,18,20,26,23,44,46,38,40,46,66,50,54,56,39,59,22,48,33,19,45,34,53,30,22,24,74,62,69,72,69,47,UEFA Nations League B
A. Racioppi,FC Sion,Suiza,21,GK,Right,189,27,68,Suiza,46,25,37,36,28,51,27,17,33,40,20,27,21,22,40,38,49,43,44,59,45,47,57,47,55,22,43,34,17,47,25,46,27,25,23,66,70,65,69,65,48,UEFA Nations League B
M. Akanji,Inter de Milán,Suiza,,CB,Right,188,31,81,Suiza,72,64,69,70,85,85,69,61,86,78,56,68,60,57,67,70,71,72,70,85,73,77,91,81,86,64,87,84,57,59,60,75,82,88,86,12,6,12,12,8,15,UEFA Nations League B
N. Elvedi,Leeds United,Suiza,,CB,Right,189,30,76,Suiza,69,54,63,67,78,79,58,47,81,69,51,64,55,55,70,70,71,67,65,66,65,71,84,77,80,54,77,74,49,55,56,77,76,81,78,8,8,11,12,7,11,UEFA Nations League B
A. Bajrami,SC Braga,Suiza,,"CB, RB",Left,188,24,72,Suiza,65,48,59,61,74,77,53,39,72,68,39,55,50,49,59,65,64,65,63,64,67,68,72,77,78,52,74,72,46,53,48,69,78,72,76,12,15,12,11,6,11,UEFA Nations League B
E. Cömert,Torino FC,Suiza,,CB,Right,183,28,70,Suiza,64,49,60,58,72,73,59,44,64,66,44,55,49,45,62,58,66,63,60,68,61,64,70,67,75,48,74,69,43,53,52,66,74,72,76,9,9,9,11,9,10,UEFA Nations League B
R. Rodríguez,Torino FC,Suiza,,LB,Left,182,34,72,Suiza,74,59,68,70,68,69,73,56,62,70,49,70,64,58,65,69,75,73,74,75,72,69,69,74,67,60,70,69,54,66,57,65,70,68,68,8,11,9,10,10,10,UEFA Nations League B
Z. Athekame,Olympique de Lyon,Suiza,,RB,Right,181,21,73,Suiza,78,59,72,70,73,70,76,56,70,75,50,69,66,59,69,69,74,82,73,70,72,72,69,75,68,56,71,73,59,69,58,67,72,75,75,9,8,14,9,11,12,UEFA Nations League B
S. Britschgi,Parma,Suiza,,"RB, RM",Right,182,20,70,Suiza,76,52,65,64,67,66,70,48,63,68,50,59,67,56,64,68,79,73,71,67,67,62,65,70,64,50,66,64,57,59,52,59,68,71,66,11,13,9,12,15,10,UEFA Nations League B
I. Schmidt,BSC Young Boys,Suiza,,"RB, RM",Right,172,26,70,Suiza,72,55,66,67,66,67,72,50,56,70,53,67,62,54,68,66,76,68,73,68,68,65,61,76,64,57,64,70,60,55,55,69,61,71,66,15,15,11,12,9,6,UEFA Nations League B
A. Jashari,AC Milan,Suiza,,"CDM, CB",Left,181,24,79,Suiza,76,70,75,74,81,83,71,65,81,76,59,70,68,71,82,76,78,74,75,78,76,79,76,86,82,71,83,82,75,77,73,86,79,81,86,14,6,15,9,7,15,UEFA Nations League B
D. Sow,Genoa CFC,Suiza,,CM,Right,183,29,74,Suiza,73,68,73,75,66,73,70,69,66,77,63,78,72,64,75,72,73,73,74,74,70,69,65,73,77,68,66,65,70,71,68,71,63,69,66,12,14,11,7,14,8,UEFA Nations League B
M. Aebischer,1.FC Unión Berlín,Suiza,,CM,Right,183,29,72,Suiza,68,68,72,70,66,69,64,66,67,76,62,69,74,68,73,71,72,65,73,73,70,72,66,70,69,70,70,63,67,73,67,70,67,69,62,7,6,15,15,9,9,UEFA Nations League B
R. Freuler,Olympiacos El Pireo,Suiza,,"CM, CDM",Right,181,34,74,Suiza,68,69,73,73,65,74,68,69,66,76,62,68,72,68,74,78,70,66,76,79,72,68,64,77,75,72,71,62,67,73,67,74,63,68,64,11,13,7,11,13,6,UEFA Nations League B
V. Sierro,Parma,Suiza,,CM,Right,185,30,71,Suiza,69,69,70,72,64,70,67,68,70,73,58,70,70,65,68,77,70,69,70,69,67,72,65,69,73,72,66,63,69,72,63,70,61,67,65,9,13,13,15,10,15,UEFA Nations League B
J. Manzambi,Aston Villa,Suiza,,CAM,Right,182,20,82,Suiza,83,81,86,87,56,73,82,84,64,89,78,88,80,76,85,89,87,80,83,77,85,79,73,81,72,79,67,61,85,88,78,77,56,50,52,11,15,7,10,14,9,UEFA Nations League B
F. Rieder,FC Augsburgo,Suiza,,"CAM, CM",Left,181,24,78,Suiza,82,76,80,81,49,71,81,78,67,81,71,81,88,78,79,82,81,82,85,80,81,74,67,78,69,77,68,55,75,79,72,76,45,47,40,9,9,11,14,12,9,UEFA Nations League B
A. Sanches,BSC Young Boys,Suiza,,CAM,Left,181,23,76,Suiza,79,76,77,82,48,71,77,78,67,79,73,82,78,79,68,84,83,75,81,81,78,73,64,73,73,76,65,48,79,78,72,79,50,41,48,6,14,6,14,12,7,UEFA Nations League B
J. Monteiro,US Lecce,Suiza,,LW,Left,191,27,70,Suiza,77,70,67,71,38,67,70,72,60,68,70,70,69,63,62,73,76,77,70,69,67,71,69,70,67,65,63,41,72,68,67,65,40,30,30,10,15,11,14,12,12,UEFA Nations League B
D. Ndoye,Nottingham Forest,Suiza,,"RW, ST",Right,184,25,81,Suiza,86,78,79,84,52,74,78,76,75,81,73,84,81,74,74,87,85,87,80,86,81,81,71,78,76,79,66,49,88,81,78,75,51,48,48,7,15,14,15,10,13,UEFA Nations League B
W. Boteli,FC Sion,Suiza,,ST,Right,184,20,73,Suiza,76,76,66,66,38,70,66,78,70,72,71,68,67,64,53,60,74,77,69,68,70,77,74,67,73,71,66,34,77,67,75,72,37,32,33,10,6,15,10,15,10,UEFA Nations League B
Z. Amdouni,Burnley FC,Suiza,,ST,Right,183,25,73,Suiza,75,71,62,70,40,73,60,74,75,64,71,69,68,62,56,72,78,73,68,70,68,69,75,71,78,68,64,39,75,62,68,72,37,34,35,9,6,14,7,11,14,UEFA Nations League B
C. Itten,SV Werder Bremen,Suiza,,ST,Right,190,29,67,Suiza,68,70,60,64,34,70,55,73,68,67,71,64,63,55,48,63,69,68,65,66,64,71,72,61,77,63,64,35,71,61,65,69,30,29,26,13,13,15,15,9,6,UEFA Nations League B
G. Mamardashvili,Liverpool FC,Georgia,1,GK,Left,197,26,79,Georgia,56,38,48,46,40,61,27,31,37,56,26,33,33,41,54,49,57,56,56,76,59,59,72,57,64,38,54,44,28,54,40,59,40,38,36,79,78,71,78,78,56,UEFA Nations League B
D. Kereselidze,FC Dila Gori,Georgia,12,GK,Right,191,27,66,Georgia,40,24,34,36,23,49,20,15,27,39,17,25,26,16,34,39,41,40,42,63,45,51,57,39,56,23,44,28,15,45,19,48,21,19,23,65,65,60,69,63,47,UEFA Nations League B
L. Gugeshashvili,Göztepe,Georgia,23,GK,Left,196,27,63,Georgia,42,20,30,29,22,45,15,10,26,33,15,18,19,24,37,31,44,40,40,55,45,45,57,33,52,21,38,35,10,41,20,37,15,18,20,65,64,56,63,65,38,UEFA Nations League B
L. Lochoshvili,FC Colonia,Georgia,4,CB,Left,192,28,71,Georgia,69,53,60,61,74,75,53,49,75,66,50,59,52,45,70,62,67,70,57,71,60,65,80,73,77,54,71,70,49,53,50,71,72,78,73,7,11,11,8,12,14,UEFA Nations League B
S. Goglichidze,AC Monza,Georgia,5,CB,Right,192,22,69,Georgia,65,52,57,57,69,70,50,51,76,66,42,52,46,52,59,59,63,66,56,67,56,62,73,64,72,50,74,69,46,50,45,72,70,65,69,12,13,8,9,8,9,UEFA Nations League B
L. Dvali,CSKA 1948,Georgia,3,"CB, CDM",Left,191,31,69,Georgia,62,49,55,58,73,71,52,42,75,64,47,55,53,51,55,57,60,64,57,68,57,65,70,68,74,51,69,78,46,46,48,74,69,73,71,6,11,14,13,14,6,UEFA Nations League B
J. Tabidze,Kayserispor,Georgia,21,"CB, CDM",Left,187,30,64,Georgia,61,44,52,53,66,69,48,41,66,62,40,53,46,44,49,52,61,61,51,59,57,56,69,61,73,42,69,67,41,43,44,62,64,66,72,6,8,10,6,8,11,UEFA Nations League B
S. Sazonov,Getafe CF,Georgia,24,"CB, CDM",Right,194,24,65,Georgia,57,47,52,52,70,69,48,44,77,60,42,49,46,43,55,54,52,61,50,62,50,56,72,65,71,48,69,66,38,43,44,65,70,70,67,13,14,8,11,11,7,UEFA Nations League B
I. Beriashvili,MTK Budapest,Georgia,13,CB,Right,190,28,63,Georgia,58,45,51,50,69,66,51,43,69,57,34,46,40,42,53,54,56,59,44,65,51,53,72,62,69,46,63,68,34,46,41,58,71,69,67,12,7,11,10,15,9,UEFA Nations League B
S. Kharebashvili,Basaksehir FK,Georgia,16,"LB, RB",Left,184,18,62,Georgia,66,50,59,59,59,60,56,48,58,67,47,61,60,53,59,57,65,67,58,57,62,60,60,68,57,49,60,62,51,49,43,55,57,59,64,15,9,12,6,13,10,UEFA Nations League B
O. Kakabadze,Cracovia,Georgia,2,RB,Right,186,31,66,Georgia,68,50,63,65,64,65,64,46,60,67,43,66,61,51,62,64,66,69,67,69,64,55,65,68,64,53,66,60,51,59,53,66,65,67,68,6,8,8,6,14,8,UEFA Nations League B
A. Mekvabishvili,Chicago Fire FC,Georgia,14,CDM,Right,174,25,68,Georgia,62,59,66,65,70,68,59,57,56,73,51,61,53,61,69,69,61,62,64,70,67,62,67,74,63,65,75,73,59,64,55,68,69,73,72,8,10,8,14,8,6,UEFA Nations League B
V. Mamuchashvili,Torpedo Kutaisi,Georgia,27,CDM,Right,176,29,65,Georgia,61,58,64,60,65,68,59,52,57,68,45,56,58,54,72,62,61,61,60,72,61,68,63,69,69,63,65,63,57,58,61,64,71,66,60,7,6,13,7,12,15,UEFA Nations League B
G. Kochorashvili,Sevilla FC,Georgia,6,CM,Right,178,27,71,Georgia,65,66,70,69,63,68,66,63,57,69,66,69,63,68,77,70,64,65,68,72,64,67,54,76,67,70,64,69,68,73,63,70,57,68,58,8,15,7,6,15,15,UEFA Nations League B
N. Lominadze,Torpedo Kutaisi,Georgia,28,CM,Right,194,24,64,Georgia,60,59,64,65,57,68,57,53,58,64,54,69,60,58,69,65,59,61,59,62,50,65,66,71,70,70,61,58,56,69,59,61,56,60,52,15,11,11,14,6,8,UEFA Nations League B
O. Kiteishvili,SK Sturm Graz,Georgia,8,"CAM, CF",Both,173,30,74,Georgia,73,74,74,75,47,68,76,74,56,75,70,72,76,76,67,78,75,72,73,75,73,75,62,75,68,75,59,50,71,77,73,78,44,46,42,13,10,13,15,14,9,UEFA Nations League B
G. Chakvetadze,Udinese,Georgia,10,CAM,Right,183,27,71,Georgia,72,70,72,76,44,65,66,71,59,75,64,77,70,68,68,77,74,70,76,71,76,70,63,66,67,68,58,45,76,79,66,72,44,39,40,8,10,13,14,7,6,UEFA Nations League B
I. Yegoian,Excelsior Rotterdam,Georgia,18,CAM,Right,173,22,67,Georgia,71,67,68,71,39,58,65,64,52,72,64,69,67,68,61,74,73,69,70,69,73,69,49,67,56,71,56,41,64,71,70,70,37,37,36,14,14,12,13,11,10,UEFA Nations League B
G. Mamageishvili,SK Sturm Graz,Georgia,15,CAM,Right,180,23,66,Georgia,65,68,67,70,40,61,66,69,52,72,62,71,65,67,63,71,67,63,68,64,66,68,56,68,60,66,58,40,68,65,66,64,40,37,35,14,12,6,7,6,9,UEFA Nations League B
K. Kvaratskhelia,París Saint-Germain,Georgia,7,"LW, ST",Both,183,25,89,Georgia,95,87,87,92,60,84,89,86,80,88,85,93,92,86,81,93,95,95,88,85,92,88,87,88,86,87,75,56,91,88,81,83,63,55,52,6,14,7,13,13,6,UEFA Nations League B
Z. Davitashvili,AS Saint-Étienne,Georgia,9,LW,Left,175,25,76,Georgia,82,72,73,79,43,68,80,71,62,72,67,79,74,72,68,79,83,82,81,77,83,78,66,78,66,69,63,48,80,72,76,71,41,39,36,6,9,15,9,10,11,UEFA Nations League B
G. Kvernadze,Frosinone Calcio,Georgia,17,"LW, ST",Left,188,23,75,Georgia,83,74,74,76,46,72,74,75,72,79,76,80,76,71,62,75,82,83,77,69,73,71,70,77,76,72,58,47,77,76,74,69,42,44,38,10,9,7,12,15,12,UEFA Nations League B
S. Lobjanidze,Real Salt Lake City,Georgia,26,LW,Left,175,31,71,Georgia,79,67,69,74,40,63,69,68,63,75,65,75,71,65,60,72,81,77,83,74,74,71,57,73,61,61,56,40,69,68,66,64,37,35,39,15,10,15,8,10,11,UEFA Nations League B
G. Abuashvili,FC Metz,Georgia,25,"LW, LM",Left,175,23,66,Georgia,72,66,62,69,35,60,64,68,51,63,67,72,65,59,60,65,73,72,73,62,76,63,56,70,60,64,50,34,65,60,63,67,31,34,34,6,7,13,15,12,9,UEFA Nations League B
G. Tsitaishvili,Rayo Vallecano,Georgia,19,RW,Left,171,25,71,Georgia,76,71,70,77,38,63,73,71,58,71,68,76,71,63,68,78,78,75,81,70,81,72,66,76,58,71,58,40,80,67,65,73,37,33,31,7,11,10,9,11,7,UEFA Nations League B
G. Mikautadze,Villarreal CF,Georgia,22,"ST, LW",Right,176,25,82,Georgia,82,85,72,83,48,80,68,87,84,76,80,84,75,67,68,82,79,84,79,85,82,84,76,82,81,81,75,50,87,75,86,80,43,39,45,7,15,7,8,13,10,UEFA Nations League B
B. Zivzivadze,1.FC Heidenheim 1846,Georgia,11,ST,Both,189,32,72,Georgia,70,72,66,72,37,70,62,74,73,72,70,69,70,66,55,76,71,69,69,72,63,75,75,71,72,67,62,36,74,69,71,73,29,35,32,13,15,12,15,9,6,UEFA Nations League B
G. Gagua,DAC Dunajska Streda,Georgia,20,ST,Right,193,24,66,Georgia,67,68,56,64,34,68,55,71,70,59,63,63,58,52,53,65,68,66,65,71,55,68,70,65,72,65,59,35,73,56,63,70,29,29,23,7,9,6,9,6,6,UEFA Nations League B
C. Zawieschitzky,Red Bull Salzburgo,Austria,13,GK,Left,192,19,69,Austria,43,26,36,36,26,55,24,17,30,41,18,25,23,22,40,39,45,41,45,65,51,50,60,46,61,24,48,29,17,45,29,47,24,25,26,70,71,68,70,72,51,UEFA Nations League B
L. Jungwirth,LASK,Austria,13,GK,Right,193,22,68,Austria,41,29,35,35,26,52,23,24,29,40,17,23,23,22,38,38,43,40,42,61,50,48,57,43,59,25,44,31,20,41,34,50,24,24,22,69,71,61,63,67,44,UEFA Nations League B
F. Wiegele,FC Viktoria Plzen,Austria,12,GK,Left,205,25,69,Austria,46,26,41,35,25,55,31,18,29,48,25,24,24,25,44,37,43,49,42,67,50,48,52,47,62,21,46,36,24,43,26,46,23,19,26,67,69,66,71,74,42,UEFA Nations League B
A. Schlager,SV Werder Bremen,Austria,1,GK,Right,185,30,69,Austria,50,30,37,37,29,50,20,25,35,42,20,30,21,20,41,34,47,52,48,64,51,49,58,41,57,26,43,38,24,50,32,47,25,25,31,70,64,67,70,73,48,UEFA Nations League B
M. Bignetti,1.FC Saarbrücken,Austria,,GK,Right,190,22,62,Austria,38,20,30,29,19,42,23,16,22,33,10,17,19,21,31,31,39,37,38,57,45,35,51,33,47,16,41,30,13,36,19,43,17,12,17,63,62,55,62,63,38,UEFA Nations League B
D. Affengruber,Fulham FC,Austria,2,"CB, RB",Right,185,25,81,Austria,73,60,72,68,86,84,73,54,85,80,53,64,57,62,74,67,72,74,70,83,71,76,82,80,85,61,85,83,57,60,62,83,86,87,86,10,10,10,9,6,12,UEFA Nations League B
K. Danso,Sunderland AFC,Austria,3,"CB, CDM",Right,190,28,78,Austria,71,59,66,66,81,78,60,56,84,74,51,62,58,58,72,72,72,71,59,74,65,69,79,73,80,58,81,86,48,58,62,71,76,83,78,8,12,15,7,6,7,UEFA Nations League B
P. Lienhart,SC Friburgo,Austria,15,"CB, RB",Right,189,30,78,Austria,77,57,65,65,79,86,62,51,82,71,53,62,58,60,69,67,78,76,63,72,68,76,80,80,91,55,81,77,53,58,57,75,78,79,83,12,10,13,9,6,8,UEFA Nations League B
M. Friedl,SV Werder Bremen,Austria,23,CB,Left,187,28,75,Austria,72,56,62,65,76,76,61,48,81,67,47,59,52,52,69,67,70,73,70,75,68,74,78,71,80,58,74,78,49,52,56,73,76,74,76,7,8,11,14,6,7,UEFA Nations League B
F. Bacher,Olympique de Lyon,Austria,,CB,Right,190,25,72,Austria,71,51,59,60,77,74,51,46,77,68,47,56,57,54,67,65,68,73,53,71,57,65,76,66,77,51,75,72,46,47,55,70,75,81,78,13,7,13,9,12,8,UEFA Nations League B
S. Posch,1.FSV Mainz 05,Austria,5,CB,Right,188,29,75,Austria,69,55,62,63,79,79,60,47,81,71,51,57,56,54,65,69,68,69,61,72,63,70,83,74,82,61,76,78,53,47,57,72,79,81,75,6,9,14,14,11,7,UEFA Nations League B
M. Wöber,FC Schalke 04,Austria,,CB,Left,188,28,69,Austria,62,48,56,59,70,72,55,42,72,60,42,52,49,48,62,63,62,62,61,62,57,63,69,68,74,47,71,68,45,48,51,73,70,70,74,13,11,10,7,12,8,UEFA Nations League B
P. Mwene,1.FSV Mainz 05,Austria,16,LB,Left,170,32,73,Austria,75,58,68,71,70,69,69,53,61,67,54,69,64,60,71,72,71,78,75,72,77,68,69,75,63,59,75,75,65,71,57,71,67,73,74,8,12,10,14,8,13,UEFA Nations League B
K. Laimer,Bayern Múnich,Austria,20,RB,Right,180,29,82,Austria,88,69,78,78,82,82,85,68,78,77,62,76,74,68,82,79,83,93,81,87,73,76,78,88,79,69,81,85,67,71,65,82,76,86,86,15,14,13,8,14,7,UEFA Nations League B
N. Veratschnig,Red Bull Salzburgo,Austria,14,RB,Right,180,23,72,Austria,76,61,67,66,67,72,69,60,59,71,58,65,64,55,69,63,77,75,73,73,68,70,72,74,71,55,71,74,60,58,59,69,67,64,68,12,10,7,15,8,9,UEFA Nations League B
N. Seiwald,RB Leipzig,Austria,6,CDM,Right,179,25,82,Austria,75,72,80,77,83,84,75,67,78,84,69,77,74,71,85,77,72,77,74,83,77,79,82,87,84,75,81,88,76,78,74,81,83,83,82,14,15,8,8,13,9,UEFA Nations League B
P. Wanner,PSV Eindhoven,Austria,10,"CM, CDM",Left,185,20,75,Austria,68,73,76,77,65,76,70,73,68,77,71,80,73,72,76,77,71,66,72,73,74,75,75,75,78,73,70,66,70,80,63,76,64,66,64,15,7,9,15,14,10,UEFA Nations League B
C. Chukwuemeka,Borussia Dortmund,Austria,17,"CM, CDM",Right,187,22,75,Austria,72,72,75,78,66,73,70,73,73,78,62,79,67,63,72,79,75,70,73,77,78,73,75,76,73,72,70,65,69,81,63,78,63,68,63,9,10,15,12,15,15,UEFA Nations League B
X. Schlager,Nottingham Forest,Austria,4,"CM, CAM",Left,174,29,76,Austria,73,74,78,76,69,73,76,74,68,81,61,76,74,71,80,75,74,73,74,76,79,76,65,83,70,76,71,68,72,75,68,77,69,73,63,12,9,8,12,10,6,UEFA Nations League B
V. Markovic,FK Austria Viena,Austria,,"CM, CAM",Right,182,18,68,Austria,64,61,69,71,57,61,72,58,57,71,61,70,63,65,69,75,65,64,70,60,68,63,63,70,57,67,60,58,64,65,62,61,55,56,61,8,14,13,14,9,12,UEFA Nations League B
S. Horvath,LASK,Austria,20,"CM, CDM",Right,168,30,70,Austria,67,66,68,70,68,63,64,65,53,72,63,71,67,62,66,68,65,68,69,74,71,68,64,69,59,67,65,69,69,69,63,66,72,70,61,13,11,15,14,10,11,UEFA Nations League B
A. Prass,TSG 1899 Hoffenheim,Austria,22,"LM, LW",Left,180,25,75,Austria,82,69,75,79,54,73,81,69,60,77,68,84,72,69,69,77,81,83,78,73,70,76,65,78,75,64,66,57,76,70,64,74,57,46,53,11,14,7,9,7,13,UEFA Nations League B
R. Schmid,Frosinone Calcio,Austria,18,"CAM, CM",Right,168,26,78,Austria,80,76,79,82,50,71,78,75,60,79,70,87,78,73,76,77,82,78,80,76,89,78,67,77,71,76,66,51,76,84,73,74,51,48,44,12,10,15,12,6,12,UEFA Nations League B
M. Grüll,SV Werder Bremen,Austria,19,LW,Both,181,28,72,Austria,77,70,69,71,42,64,78,73,61,67,63,72,71,68,67,68,75,78,77,69,73,69,61,71,65,67,54,41,75,65,69,70,44,35,38,9,10,7,15,12,11,UEFA Nations League B
P. Wimmer,TSG 1899 Hoffenheim,Austria,21,RW,Right,182,25,75,Austria,82,69,74,78,44,70,79,68,57,77,70,80,73,67,70,75,83,82,82,83,76,69,71,75,74,71,54,47,74,70,67,70,42,43,37,12,9,13,7,11,7,UEFA Nations League B
S. Kalajdzic,LASK,Austria,9,ST,Right,200,29,72,Austria,73,74,64,72,38,75,63,73,83,69,71,72,66,68,57,74,70,76,68,74,61,75,77,68,81,73,70,39,80,62,71,69,35,28,33,15,15,7,6,14,7,UEFA Nations League B
C. Lang,LASK,Austria,7,ST,Both,183,24,68,Austria,71,69,58,68,35,68,55,71,65,64,72,68,62,52,52,71,73,69,64,71,62,72,69,62,72,59,63,31,72,58,67,66,30,34,32,13,13,7,12,12,11,UEFA Nations League B
J. Adamu,FC Schalke 04,Austria,8,"ST, CF",Right,183,25,69,Austria,74,70,56,70,35,66,55,75,69,59,71,71,61,57,47,70,70,77,68,69,64,64,71,63,69,65,62,30,75,59,68,68,28,38,27,9,15,8,6,11,8,UEFA Nations League B
M. Gregoritsch,FC Augsburgo,Austria,11,ST,Left,193,32,71,Austria,73,71,63,69,39,73,59,74,78,68,74,71,65,59,58,66,72,73,65,78,62,72,77,66,80,64,62,35,70,63,72,83,35,33,36,7,10,7,14,6,13,UEFA Nations League B
M. Bulka,NEOM SC,Polonia,1,GK,Right,199,27,77,Polonia,54,35,44,44,34,59,31,26,36,50,32,33,37,30,49,46,51,56,53,73,59,54,63,50,66,37,51,40,30,48,40,59,35,30,34,78,73,73,77,78,53,UEFA Nations League B
S. Abramowicz,Jagiellonia Białystok,Polonia,22,GK,Left,189,22,71,Polonia,47,29,40,36,30,54,24,21,34,47,22,23,26,28,46,41,46,47,46,66,47,49,61,45,61,30,46,33,22,48,31,51,34,23,26,69,71,61,75,68,47,UEFA Nations League B
M. Kochalski,Wieczysta Krakow,Polonia,12,GK,Right,190,26,68,Polonia,44,23,37,35,25,50,19,15,29,43,21,23,15,28,47,38,41,46,48,67,47,47,53,41,58,20,38,29,17,47,26,47,27,18,27,69,68,65,67,69,49,UEFA Nations League B
J. Kiwior,FC Oporto,Polonia,14,"CB, CDM",Left,189,26,82,Polonia,74,62,72,71,86,89,70,57,88,82,66,64,64,66,72,78,75,74,66,79,75,75,88,83,93,64,85,87,58,61,54,78,85,84,87,13,6,10,10,15,7,UEFA Nations League B
K. Potulski,1.FSV Mainz 05,Polonia,23,CB,Right,195,18,73,Polonia,72,53,61,62,78,77,60,47,80,65,45,57,57,47,66,68,71,73,58,69,61,70,77,68,82,51,78,77,48,54,53,69,77,78,85,14,8,14,11,8,12,UEFA Nations League B
J. Bednarek,FC Oporto,Polonia,5,"CB, RB",Right,189,30,76,Polonia,69,54,65,67,79,81,62,51,83,72,48,61,54,58,65,73,68,70,63,73,63,67,79,71,89,50,76,79,52,58,58,71,76,82,78,14,10,15,10,15,6,UEFA Nations League B
P. Wiśniewski,RTS Widzew Łódź,Polonia,3,"CB, CDM",Right,195,28,70,Polonia,67,51,58,60,75,74,55,45,80,61,51,57,50,51,64,63,66,67,59,68,54,65,74,67,79,52,70,73,49,54,49,67,72,78,71,7,12,7,6,11,7,UEFA Nations League B
T. Kędziora,FC Dinamo de Kiev,Polonia,4,CB,Right,184,32,72,Polonia,66,51,59,60,76,76,57,46,70,64,45,51,51,48,63,64,62,69,64,72,65,62,75,71,78,54,75,77,53,56,49,74,76,78,74,15,15,12,14,11,15,UEFA Nations League B
T. Puchacz,Sabah FK,Polonia,15,"LB, RB",Left,183,27,70,Polonia,77,53,67,66,69,71,69,45,66,73,58,63,60,60,63,66,75,79,76,70,70,70,72,75,70,52,67,71,61,62,56,68,69,67,71,9,7,7,15,6,13,UEFA Nations League B
M. Cash,Aston Villa,Polonia,2,"RB, LB",Right,185,29,80,Polonia,81,67,76,77,81,80,82,65,79,75,64,78,72,73,74,74,78,83,83,77,84,75,72,85,79,62,79,80,74,74,66,75,80,81,84,13,14,11,11,14,15,UEFA Nations League B
P. Frankowski,Stade Rennais FC,Polonia,19,RB,Right,175,31,75,Polonia,76,60,73,74,74,71,76,54,63,78,58,73,73,62,72,74,77,76,73,73,81,68,72,77,67,65,73,70,61,63,59,75,76,79,71,12,8,6,9,15,10,UEFA Nations League B
N. Wojtuszek,Jagiellonia Białystok,Polonia,,RB,Right,184,25,69,Polonia,75,55,63,65,68,67,72,52,65,64,46,66,59,51,62,63,74,75,71,63,64,67,68,69,66,51,66,70,52,58,56,64,70,67,66,8,15,11,6,15,10,UEFA Nations League B
B. Slisz,Brøndby IF,Polonia,6,CDM,Right,179,27,69,Polonia,65,59,68,63,69,68,63,56,66,71,53,64,55,57,76,61,64,65,61,72,61,67,69,73,66,62,65,71,60,66,55,69,67,71,67,12,11,15,14,6,8,UEFA Nations League B
P. Zielinski,Inter de Milán,Polonia,10,"CM, CDM",Both,180,32,81,Polonia,72,78,83,84,74,76,78,76,69,90,70,84,78,71,81,86,73,71,77,88,77,84,77,80,74,77,76,76,80,83,76,87,75,74,76,14,13,10,6,14,15,UEFA Nations League B
W. Nowak,SK Slavia Praga,Polonia,16,"CM, CDM",Right,187,22,70,Polonia,68,65,70,71,63,69,63,62,64,70,64,71,63,68,74,73,68,68,70,70,63,69,65,71,68,67,69,65,67,77,63,66,64,60,62,8,11,12,15,10,15,UEFA Nations League B
N. Zalewski,Atalanta de Bérgamo,Polonia,21,"LM, RM",Left,175,24,79,Polonia,88,73,79,81,59,74,82,72,66,79,69,77,84,75,77,84,93,84,85,75,85,74,73,87,69,75,70,64,77,78,72,78,60,52,59,15,15,9,12,6,13,UEFA Nations League B
S. Szymański,Stade Rennais FC,Polonia,20,CAM,Left,174,27,74,Polonia,75,74,75,78,46,67,72,73,60,78,72,77,80,73,70,81,73,77,79,73,72,74,58,76,64,79,65,54,70,75,75,74,49,35,43,13,11,7,7,15,12,UEFA Nations League B
M. Regula,Zagłębie Lubin,Polonia,18,CAM,Left,181,19,69,Polonia,71,69,70,71,44,62,67,69,61,73,66,72,72,73,59,72,74,69,70,66,72,69,62,65,62,70,60,47,66,75,65,65,41,41,42,12,6,12,10,8,7,UEFA Nations League B
K. Urbański,Górnik Zabrze,Polonia,8,CAM,Right,183,22,68,Polonia,69,67,69,69,41,62,66,64,58,69,69,69,73,70,66,69,71,67,69,66,71,69,58,64,64,71,57,40,71,72,66,77,41,39,35,9,13,9,10,14,14,UEFA Nations League B
O. Pietuszewski,FC Oporto,Polonia,,LW,Left,179,18,74,Polonia,83,72,72,79,41,64,71,71,61,76,68,80,73,76,65,80,81,84,82,69,75,73,67,73,61,72,62,38,77,69,66,72,39,38,38,15,13,13,13,9,15,UEFA Nations League B
J. Kamiński,SL Benfica,Polonia,7,LW,Left,179,24,78,Polonia,85,76,76,82,45,73,76,78,64,79,69,83,79,73,69,81,82,88,83,81,81,77,69,75,75,71,67,44,82,74,76,74,47,38,42,9,7,9,10,9,11,UEFA Nations League B
M. Skoras,RC Lens,Polonia,17,LW,Left,172,26,73,Polonia,79,69,73,77,38,65,78,69,56,74,70,78,75,65,65,77,76,81,79,74,76,67,64,70,65,70,60,39,81,75,65,74,35,34,37,8,14,7,7,9,8,UEFA Nations League B
R. Lewandowski,Chicago Fire FC,Polonia,9,ST,Right,186,38,78,Polonia,69,81,66,75,45,80,67,85,81,66,79,76,66,64,62,75,67,71,70,76,74,77,81,79,84,75,71,47,82,67,85,82,41,40,36,11,7,12,8,10,11,UEFA Nations League B
M. Zukowski,1.FC Magdeburg,Polonia,13,ST,Right,185,24,75,Polonia,77,76,64,72,42,75,58,80,79,69,70,70,64,71,61,73,79,76,73,78,69,72,76,72,79,70,68,41,80,64,72,76,37,37,37,14,9,12,10,8,8,UEFA Nations League B
K. Swiderski,RTS Widzew Łódź,Polonia,11,ST,Left,184,29,70,Polonia,76,73,59,67,36,70,56,75,77,62,72,67,63,66,51,66,74,77,65,67,69,73,71,67,76,68,57,35,75,59,70,74,32,28,29,11,14,13,14,7,12,UEFA Nations League B
A. Trubin,SL Benfica,Ucrania,12,GK,Right,199,25,80,Ucrania,55,38,48,45,38,65,35,30,33,53,32,34,34,36,56,47,59,52,52,75,61,58,65,53,74,37,59,43,30,52,44,60,39,38,31,82,82,74,78,87,63,UEFA Nations League B
D. Riznyk,Shakhtar Donetsk,Ucrania,23,GK,Right,191,27,75,Ucrania,51,35,42,45,33,61,27,28,39,50,27,34,35,30,46,49,54,48,54,69,56,53,67,57,68,35,46,37,24,45,37,56,28,32,34,74,69,68,78,77,52,UEFA Nations League B
G. Yermakov,FC Kharkiv,Ucrania,1,GK,Right,191,24,71,Ucrania,47,27,36,38,29,52,25,20,32,39,24,29,27,26,42,37,46,48,43,69,51,48,61,47,57,27,46,39,13,43,28,55,22,30,27,73,70,63,69,76,45,UEFA Nations League B
I. Zabarnyi,París Saint-Germain,Ucrania,13,CB,Right,189,24,81,Ucrania,77,64,70,68,82,86,70,60,84,75,55,62,63,64,74,73,75,78,67,76,73,79,80,83,88,62,84,84,54,59,64,79,83,80,81,6,12,12,7,10,8,UEFA Nations League B
M. Matvienko,Shakhtar Donetsk,Ucrania,22,CB,Left,182,30,79,Ucrania,72,62,66,68,83,82,63,58,84,74,49,62,61,61,72,74,70,74,66,73,68,80,78,76,85,59,82,80,53,51,56,75,84,85,78,14,13,6,13,15,7,UEFA Nations League B
T. Mykhavko,FC Dinamo de Kiev,Ucrania,4,"CB, CDM",Left,188,21,75,Ucrania,68,56,62,63,76,78,61,51,77,69,51,62,55,59,67,63,67,69,60,73,60,71,80,71,83,55,75,80,55,52,52,73,78,71,77,11,11,13,10,6,7,UEFA Nations League B
V. Bondar,Shakhtar Donetsk,Ucrania,5,"CB, RB",Right,185,27,73,Ucrania,67,53,62,63,77,80,54,48,75,71,45,58,47,51,68,67,65,69,60,72,62,68,72,75,84,52,76,78,46,54,50,69,82,73,76,11,10,10,15,11,8,UEFA Nations League B
E. Sarapiy,Polissya Zhytomyr,Ucrania,3,CB,Right,186,27,68,Ucrania,62,49,56,57,74,69,52,47,71,61,40,56,50,45,61,55,60,64,56,65,60,64,69,62,71,40,73,78,45,50,50,63,70,76,70,6,11,6,11,15,11,UEFA Nations League B
V. Mykolenko,Everton FC,Ucrania,16,"LB, LM",Left,180,27,79,Ucrania,81,66,74,75,78,76,78,62,72,76,65,73,68,64,76,72,80,81,84,79,75,71,73,83,73,70,75,81,66,70,66,82,81,75,76,14,8,8,12,6,8,UEFA Nations League B
B. Mykhaylichenko,Polissya Zhytomyr,Ucrania,2,LB,Left,178,29,68,Ucrania,72,56,65,65,68,68,70,54,64,67,55,62,67,52,68,66,71,72,69,65,67,63,61,75,65,56,68,66,54,59,57,67,68,70,65,15,8,7,13,13,12,UEFA Nations League B
O. Drambayev,LNZ Cherkasy,Ucrania,5,"LB, RB",Left,186,25,66,Ucrania,70,49,60,63,64,67,63,44,63,62,49,60,58,55,58,67,66,74,61,63,66,56,67,67,69,52,61,64,50,57,48,64,68,60,69,6,12,7,8,13,15,UEFA Nations League B
I. Krupskyi,FC Kharkiv,Ucrania,2,RB,Both,180,22,66,Ucrania,75,52,66,64,66,67,67,51,64,72,49,68,59,52,69,60,75,75,64,65,70,59,54,69,68,50,63,69,54,56,50,61,63,66,68,13,11,15,9,10,6,UEFA Nations League B
V. Brazhko,FC Dinamo de Kiev,Ucrania,6,"CDM, CM",Right,187,24,77,Ucrania,74,68,73,72,78,82,69,63,75,79,60,68,64,67,77,77,71,77,66,81,73,77,82,85,80,74,83,82,66,68,63,81,75,78,77,15,8,11,10,10,9,UEFA Nations League B
I. Varfolomeev,Lincoln City,Ucrania,25,"CDM, CB",Right,183,22,64,Ucrania,58,54,59,58,67,66,53,49,62,65,46,55,48,60,59,61,56,60,54,59,58,62,64,66,66,60,64,65,57,58,52,60,70,67,63,15,15,9,6,10,11,UEFA Nations League B
M. Shaparenko,FC Dinamo de Kiev,Ucrania,10,CM,Right,178,28,73,Ucrania,70,69,73,74,66,69,68,67,66,77,60,74,73,65,72,74,69,70,70,79,75,71,65,75,67,72,68,69,71,72,73,75,66,65,62,15,12,8,14,6,7,UEFA Nations League B
O. Pikhalyonok,FC Dinamo de Kiev,Ucrania,17,"CM, CDM",Left,180,29,73,Ucrania,70,70,73,74,64,72,69,69,61,75,59,74,77,68,74,78,72,69,67,77,70,71,65,75,69,76,76,70,72,71,65,71,63,64,63,6,11,12,15,13,9,UEFA Nations League B
Y. Nazaryna,Shakhtar Donetsk,Ucrania,19,"CM, CDM",Right,183,29,72,Ucrania,68,68,71,72,65,70,69,63,66,70,66,72,68,66,76,73,70,67,68,70,73,80,63,74,69,68,70,67,65,72,63,71,66,63,62,9,10,13,9,7,11,UEFA Nations League B
G. Sudakov,SL Benfica,Ucrania,8,CAM,Both,177,24,79,Ucrania,79,79,79,83,52,68,81,78,67,77,75,80,83,74,76,86,79,79,87,84,84,80,71,75,66,82,64,57,82,85,75,77,51,46,52,14,7,13,10,13,8,UEFA Nations League B
O. Ocheretko,Shakhtar Donetsk,Ucrania,18,CAM,Left,181,23,72,Ucrania,71,74,72,74,43,66,59,81,53,78,70,71,71,72,69,81,70,71,66,78,71,68,60,73,64,68,63,46,70,76,68,67,42,41,38,13,8,15,6,12,9,UEFA Nations League B
M. Khlan,Górnik Zabrze,Ucrania,21,LW,Left,173,23,72,Ucrania,80,71,70,74,42,65,73,70,58,74,70,78,74,61,59,70,80,80,80,64,79,72,68,77,61,72,60,46,76,69,72,69,40,39,36,10,11,6,6,6,10,UEFA Nations League B
O. Nazarenko,Polissya Zhytomyr,Ucrania,17,"LW, ST",Left,177,26,70,Ucrania,73,68,70,75,39,62,73,72,56,75,68,76,73,62,61,75,76,70,76,69,73,65,64,68,60,63,58,35,74,65,67,68,39,40,30,15,7,13,6,15,7,UEFA Nations League B
V. Tsygankov,Ajax de Ámsterdam,Ucrania,15,RW,Left,178,28,78,Ucrania,88,78,76,82,48,69,79,80,66,76,68,81,77,74,71,83,89,88,84,79,78,75,75,80,65,82,64,47,78,77,75,76,44,49,41,15,6,11,11,10,10,UEFA Nations League B
O. Zubkov,AEK Atenas FC,Ucrania,20,"RW, RM",Left,182,30,74,Ucrania,80,74,72,75,45,66,74,78,62,75,72,79,75,65,62,72,82,78,78,71,72,71,63,73,63,69,65,43,78,72,68,67,44,43,41,7,13,9,12,6,13,UEFA Nations League B
V. Veleten,Polissya Zhytomyr,Ucrania,16,RW,Right,176,24,66,Ucrania,73,65,64,69,35,58,63,67,51,66,59,72,61,60,55,67,69,77,71,65,71,63,49,64,58,62,51,35,72,68,59,65,36,30,32,12,6,12,12,10,6,UEFA Nations League B
A. Yarmolenko,FC Dinamo de Kiev,Ucrania,7,"RW, RM",Left,189,36,73,Ucrania,69,72,72,78,41,70,75,70,66,74,71,78,73,73,66,82,65,72,72,74,73,74,71,76,72,74,55,44,77,67,66,69,40,35,33,15,11,9,6,13,15,UEFA Nations League B
M. Ponomarenko,FC Dinamo de Kiev,Ucrania,8,"ST, LW",Right,188,20,73,Ucrania,73,73,64,68,42,74,61,77,80,64,72,69,59,61,65,67,67,78,67,69,65,69,75,63,83,67,64,39,72,66,74,77,38,37,36,11,11,10,8,9,9,UEFA Nations League B
V. Vanat,Girona FC,Ucrania,11,ST,Left,182,24,75,Ucrania,77,77,64,75,39,76,59,79,78,68,75,76,65,69,60,75,79,76,69,79,77,78,81,76,77,73,71,35,75,64,73,76,36,32,36,8,7,14,7,10,11,UEFA Nations League B
D. Sikan,RSC Anderlecht,Ucrania,14,"ST, LW",Right,187,25,70,Ucrania,69,71,60,67,34,72,58,73,70,65,65,67,59,63,54,67,67,71,63,68,63,72,75,68,77,67,66,32,74,58,67,75,33,27,28,13,10,6,13,15,9,UEFA Nations League B
R. Yaremchuk,Olympiacos El Pireo,Ucrania,9,"ST, LW",Right,191,30,71,Ucrania,69,70,62,67,39,73,56,74,74,68,65,64,60,65,56,71,70,68,63,77,58,67,78,64,79,64,70,36,79,64,68,68,36,33,36,11,9,7,11,7,14,UEFA Nations League B
I. Krasnopir,Polissya Zhytomyr,Ucrania,10,"ST, CF",Right,187,23,66,Ucrania,68,68,56,62,30,65,56,66,65,58,70,58,55,58,50,66,64,72,67,68,59,71,70,59,69,69,62,29,69,57,71,60,28,23,23,6,13,15,10,14,8,UEFA Nations League B
C. Kelleher,Brentford FC,Irlanda,1,GK,Right,188,27,79,Irlanda,53,34,46,49,38,61,32,24,42,55,26,37,31,34,51,53,52,54,57,73,59,59,69,50,71,36,50,42,29,47,38,61,32,39,38,80,76,72,81,79,58,UEFA Nations League B
G. Bazunu,Bolton Wanderers,Irlanda,1,GK,Right,188,24,72,Irlanda,46,31,42,39,29,54,27,24,29,48,16,27,31,29,44,43,44,48,46,66,50,52,61,50,58,30,48,34,21,50,34,56,30,25,29,70,69,64,75,75,49,UEFA Nations League B
M. O'Leary,West Bromwich Albion,Irlanda,16,GK,Right,189,29,71,Irlanda,48,29,39,35,27,51,24,23,30,43,20,23,20,26,45,37,52,45,44,67,47,52,54,43,58,24,43,33,24,49,33,48,26,25,21,71,68,66,76,74,53,UEFA Nations League B
D. O'Shea,Ipswich Town,Irlanda,,"CB, RB",Right,189,27,76,Irlanda,73,54,63,66,80,79,57,47,80,66,53,62,59,54,67,66,73,73,66,75,71,71,78,69,84,55,77,78,47,62,58,77,85,75,83,8,11,12,9,13,12,UEFA Nations League B
L. Kitching,Sheffield United,Irlanda,,"CB, RB",Left,186,27,77,Irlanda,70,59,62,67,78,80,67,57,77,63,50,62,56,53,64,72,69,71,66,76,64,71,82,73,82,57,85,77,51,60,62,76,76,82,79,12,11,11,13,15,7,UEFA Nations League B
J. Abankwah,Udinese,Irlanda,20,CB,Right,188,22,74,Irlanda,70,55,63,61,77,76,57,50,77,71,47,57,54,50,66,62,65,74,56,76,66,74,75,69,78,50,80,78,51,58,55,69,76,75,80,11,13,11,14,14,6,UEFA Nations League B
J. Dunne,Queens Park Rangers,Irlanda,12,"CB, CDM",Right,191,28,73,Irlanda,69,57,63,62,77,75,62,52,82,69,48,58,56,51,70,64,71,68,60,72,65,74,78,76,76,55,72,73,50,52,54,70,77,76,79,15,9,6,10,13,6,UEFA Nations League B
L. Scales,Celtic FC,Irlanda,15,CB,Left,187,28,72,Irlanda,67,52,60,62,76,74,57,48,76,67,44,56,49,49,65,65,65,69,63,72,62,67,74,68,76,47,76,79,48,52,51,72,73,79,71,15,12,15,10,10,7,UEFA Nations League B
B. Lawal,Stoke City,Irlanda,25,CB,Right,190,23,66,Irlanda,62,46,52,56,71,71,51,39,78,57,43,53,45,43,57,59,64,60,55,59,52,61,68,63,76,48,69,69,37,44,43,71,69,71,71,12,7,11,6,13,12,UEFA Nations League B
J. Egan,Hull City,Irlanda,5,"CB, CDM",Right,185,33,71,Irlanda,61,52,60,60,74,75,56,47,76,68,47,55,46,51,62,61,62,61,62,69,72,63,74,69,76,53,78,68,49,55,56,67,77,76,71,13,10,12,13,14,15,UEFA Nations League B
R. Manning,Southampton FC,Irlanda,3,"LB, RB",Left,173,30,75,Irlanda,78,64,71,71,74,70,82,59,68,71,64,71,68,61,69,71,78,78,74,71,76,74,73,78,67,65,69,73,69,63,60,69,70,79,74,8,7,15,6,10,9,UEFA Nations League B
J. Bagan,Cardiff City,Irlanda,,"LB, LM",Left,188,25,65,Irlanda,67,53,59,64,63,66,62,48,61,60,43,64,59,52,59,63,68,67,66,66,63,65,62,63,68,51,64,60,58,55,54,57,62,66,67,7,8,11,11,8,13,UEFA Nations League B
J. O'Brien,Everton FC,Irlanda,5,"RB, RM",Right,197,25,79,Irlanda,84,64,72,75,78,83,75,59,79,74,61,75,71,66,75,78,80,88,71,75,73,78,84,84,86,64,74,75,65,65,64,73,81,76,83,8,10,12,12,10,9,UEFA Nations League B
C. Coventry,Charlton Athletic,Irlanda,14,CDM,Right,177,26,67,Irlanda,58,60,65,63,66,69,59,57,60,70,50,60,56,60,67,66,59,57,65,65,68,68,66,68,70,64,70,67,58,62,58,64,67,67,64,10,15,8,9,13,8,UEFA Nations League B
J. Knight,Bristol City,Irlanda,8,"CM, CDM",Right,177,25,74,Irlanda,72,70,75,76,68,71,74,66,62,77,63,76,71,66,79,77,73,71,70,72,76,78,66,77,69,73,70,74,71,72,67,75,66,68,65,8,10,7,8,8,10,UEFA Nations League B
J. Molumby,West Bromwich Albion,Irlanda,,"CM, CDM",Right,176,27,71,Irlanda,68,68,72,72,63,70,67,63,61,78,59,71,68,65,73,73,70,66,73,77,74,74,61,73,74,74,61,62,70,70,66,71,66,64,59,11,9,13,9,12,8,UEFA Nations League B
K. Phillips,St. Mirren FC,Irlanda,24,"CM, CAM",Right,190,24,66,Irlanda,63,62,65,63,60,65,62,58,59,63,53,62,65,58,70,61,66,60,67,69,61,69,60,67,66,65,61,56,65,70,64,64,60,63,55,12,7,8,14,8,12,UEFA Nations League B
F. Azaz,Southampton FC,Irlanda,14,CAM,Right,185,26,78,Irlanda,80,80,78,82,53,72,78,80,68,83,77,89,81,73,70,79,82,78,77,76,71,82,71,76,71,81,68,55,78,76,80,78,54,49,39,6,14,7,12,12,14,UEFA Nations League B
J. Moylan,Cardiff City,Irlanda,,"CAM, CF",Right,186,25,69,Irlanda,72,68,72,71,43,63,70,71,59,74,65,74,75,66,69,68,74,71,69,70,66,65,62,66,65,66,54,40,68,76,67,70,41,43,36,13,10,14,13,7,14,UEFA Nations League B
R. Vata,Watford FC,Irlanda,14,LW,Left,184,21,66,Irlanda,73,66,62,70,37,57,65,69,57,63,68,73,67,52,53,70,74,72,66,65,68,66,65,66,52,60,57,39,66,64,62,66,37,31,30,11,10,13,9,14,7,UEFA Nations League B
C. Ogbene,Lincoln City,Irlanda,,RW,Right,181,29,73,Irlanda,79,70,70,76,42,64,75,71,65,73,66,75,73,64,61,80,79,79,81,71,70,69,69,75,62,69,56,43,78,69,73,67,36,39,44,8,8,15,15,15,12,UEFA Nations League B
T. Parrott,Real Betis Balompié,Irlanda,7,"ST, CF",Right,185,24,78,Irlanda,80,79,69,74,44,78,63,79,81,73,78,74,80,64,67,74,76,83,74,73,69,83,81,73,85,76,66,42,81,68,72,84,35,42,41,9,15,8,8,11,13,UEFA Nations League B
T. Cannon,Sheffield United,Irlanda,19,ST,Right,180,23,73,Irlanda,77,74,64,73,38,72,62,75,73,69,73,74,62,62,59,74,74,79,69,67,68,78,69,69,78,69,64,37,79,61,67,71,35,33,34,10,12,9,6,6,11,UEFA Nations League B
A. Idah,Swansea City,Irlanda,10,"ST, LW",Right,190,25,71,Irlanda,71,70,61,68,40,73,57,72,81,67,69,69,59,67,56,68,74,68,62,71,60,71,76,64,81,63,63,31,76,59,76,72,35,40,33,6,11,13,8,7,9,UEFA Nations League B
O. Elding,Hibernian FC,Irlanda,,"ST, CF",Left,187,20,60,Irlanda,62,61,50,59,27,58,51,65,61,51,59,58,49,50,44,61,61,62,55,59,55,60,61,54,62,56,50,25,62,50,59,57,22,23,20,10,10,8,9,6,11,UEFA Nations League B
B. Tóth,Blackburn Rovers,Hungría,1,GK,Right,189,29,69,Hungría,44,26,40,34,25,53,27,19,31,49,22,21,27,17,42,39,46,42,46,63,47,50,57,45,60,22,44,30,19,45,24,45,24,22,24,70,67,62,69,71,47,UEFA Nations League B
Á. Pécsi,TSV Hartberg,Hungría,,GK,Right,190,21,65,Hungría,40,24,32,34,23,49,18,19,32,39,14,24,19,14,37,37,38,42,40,55,50,42,58,39,57,20,39,32,15,36,24,43,23,15,19,67,63,59,67,67,47,UEFA Nations League B
B. Gundel-Takács,Zalaegerszegi TE FC,Hungría,,GK,Left,200,28,64,Hungría,39,20,34,30,24,49,19,10,26,46,22,19,12,16,38,34,43,36,36,58,40,45,57,39,56,17,43,32,10,37,25,47,20,24,22,67,63,60,63,65,41,UEFA Nations League B
W. Orbán,RB Leipzig,Hungría,6,"CB, RB",Right,186,33,80,Hungría,73,60,70,69,82,84,67,56,81,78,56,66,53,59,75,68,72,73,69,79,73,73,87,76,89,60,83,80,54,64,61,80,83,84,81,12,13,14,13,9,10,UEFA Nations League B
Á. Markgráf,FC Copenhague,Hungría,,"CB, CDM",Left,186,21,65,Hungría,62,43,54,54,69,68,52,38,64,63,39,52,44,48,53,55,66,58,52,63,54,57,63,65,71,44,65,69,36,44,40,56,73,67,66,9,12,12,14,14,6,UEFA Nations League B
K. Szűcs,FK Vojvodina Novi Sad,Hungría,2,"CB, CDM",Right,190,25,64,Hungría,58,46,53,52,67,67,50,40,68,61,41,47,46,45,53,55,54,62,55,61,53,67,69,62,70,42,65,66,42,48,41,59,65,69,66,8,15,10,7,14,13,UEFA Nations League B
M. Csinger,FC Groningen,Hungría,,CB,Right,185,23,65,Hungría,58,46,53,55,68,67,52,41,70,57,43,50,49,46,57,60,52,63,52,61,55,60,67,61,69,47,71,61,43,45,44,61,69,69,69,9,15,14,13,9,9,UEFA Nations League B
B. Várkonyi,Qarabağ FK,Hungría,,"CB, RB",Right,187,24,65,Hungría,62,46,54,54,67,67,51,40,65,59,43,47,46,46,58,60,59,65,51,65,57,60,68,66,69,49,62,69,40,50,44,63,66,68,69,9,8,12,8,14,15,UEFA Nations League B
M. Kerkez,Liverpool FC,Hungría,11,"LB, LM",Left,180,22,78,Hungría,85,65,72,75,76,78,74,63,72,74,64,73,73,67,72,77,83,86,79,76,79,69,80,85,77,69,72,72,63,67,63,70,77,77,81,15,7,14,15,13,13,UEFA Nations League B
C. Styles,West Bromwich Albion,Hungría,,"LB, LM",Left,167,26,71,Hungría,76,58,66,69,68,64,70,56,60,69,50,67,61,58,63,68,76,76,73,74,80,65,61,75,57,60,68,70,61,60,54,63,68,69,70,15,11,10,12,11,14,UEFA Nations League B
B. Bolla,SK Rapid Viena,Hungría,14,RB,Right,180,26,69,Hungría,71,57,63,68,66,67,64,54,58,71,48,69,61,52,63,68,69,73,69,70,68,67,64,67,68,57,65,63,54,53,53,62,69,65,75,13,14,8,12,8,11,UEFA Nations League B
A. Osváth,Ferencváros TC,Hungría,2,"RB, RM",Right,177,30,64,Hungría,69,52,60,60,64,62,64,49,56,61,51,58,57,51,63,59,72,67,68,62,63,57,62,66,61,52,62,63,56,53,46,63,66,64,66,8,15,12,15,8,15,UEFA Nations League B
Á. Csongvai,AS Saint-Étienne,Hungría,25,CDM,Right,186,25,69,Hungría,63,61,67,64,69,76,58,53,66,73,54,60,59,56,70,68,64,62,62,70,64,69,74,75,80,69,68,71,68,70,65,65,68,72,65,13,10,10,14,11,15,UEFA Nations League B
R. Tóth,Konyaspor,Hungría,,CDM,Right,182,22,69,Hungría,62,58,65,64,70,73,58,55,59,71,48,61,59,56,72,66,65,59,67,71,65,63,68,73,71,62,81,75,56,61,59,70,68,73,72,6,11,7,8,9,10,UEFA Nations League B
A. Tóth,AFC Bournemouth,Hungría,21,CM,Right,181,20,76,Hungría,77,72,77,74,69,72,76,70,68,77,66,78,75,68,86,72,73,81,71,69,73,78,71,77,69,75,71,70,68,76,65,77,71,67,68,9,15,15,14,6,8,UEFA Nations League B
A. Schäfer,1.FC Unión Berlín,Hungría,13,CM,Right,178,27,69,Hungría,64,65,68,70,63,70,63,63,66,74,60,74,67,64,66,69,62,66,61,71,69,70,61,74,72,68,64,62,64,67,65,67,64,63,58,10,7,11,8,7,10,UEFA Nations League B
T. Szűcs,FC Famalicão,Hungría,7,"CM, CDM",Right,177,21,67,Hungría,67,61,68,66,59,64,66,59,56,70,54,64,59,60,71,68,67,67,64,65,67,66,60,64,64,61,63,58,65,67,66,65,55,65,58,12,13,9,14,7,12,UEFA Nations League B
M. Vitális,AEK Atenas FC,Hungría,8,"CM, CDM",Right,179,24,69,Hungría,68,61,69,72,62,68,62,55,62,74,60,71,64,59,74,74,64,72,72,71,64,70,58,72,68,64,66,66,66,67,63,71,61,61,64,8,7,14,7,14,9,UEFA Nations League B
Á. Doktorics,Vasas FC,Hungría,,LM,Left,172,24,62,Hungría,68,57,60,64,41,55,66,55,49,59,53,64,59,56,54,64,66,70,69,60,69,63,46,65,52,55,54,41,58,62,54,58,40,42,34,8,13,12,13,9,8,UEFA Nations League B
D. Szoboszlai,Liverpool FC,Hungría,10,"CAM, CF",Right,187,25,87,Hungría,88,86,86,92,58,79,79,85,77,87,76,93,92,88,83,92,86,90,91,85,87,87,80,88,79,86,69,58,94,89,83,91,57,54,54,7,11,15,14,12,7,UEFA Nations League B
D. Redzic,Red Bull Salzburgo,Hungría,23,"RW, ST",Left,179,23,71,Hungría,81,73,70,74,40,63,68,73,66,73,71,76,74,60,66,74,75,86,71,70,72,74,71,70,62,74,55,41,71,70,66,66,34,38,31,11,13,9,6,13,14,UEFA Nations League B
G. Jurek,MTK Budapest,Hungría,,"RW, ST",Left,183,22,62,Hungría,68,61,61,64,32,59,62,62,55,61,54,64,68,59,52,62,70,66,67,69,66,61,59,65,62,61,45,33,66,67,60,58,31,26,29,11,13,13,15,12,10,UEFA Nations League B
B. Varga,AEK Atenas FC,Hungría,19,"ST, CF",Right,185,31,76,Hungría,73,80,65,76,44,77,63,85,78,68,74,75,70,69,60,75,71,75,75,78,79,77,77,71,81,71,73,40,85,61,74,81,41,40,39,15,11,6,8,6,13,UEFA Nations League B
D. Lukács,Puskás Akadémia FC,Hungría,16,ST,Both,182,30,66,Hungría,70,68,56,62,34,67,54,70,67,60,65,57,59,59,49,64,68,71,64,71,60,66,67,63,72,65,60,32,74,55,65,70,33,27,24,8,14,6,10,7,6,UEFA Nations League B
D. Bárány,ADO Den Haag,Hungría,17,ST,Right,179,26,67,Hungría,69,70,55,68,35,67,52,72,61,56,71,68,60,56,57,69,66,71,65,74,66,70,65,64,71,67,59,30,75,54,68,67,33,31,34,15,7,13,10,12,10,UEFA Nations League B
J. Szalai,Paksi FC,Hungría,,"ST, CF",Right,194,23,61,Hungría,63,60,51,58,28,63,49,60,66,56,67,58,55,51,41,59,64,62,54,61,57,61,66,57,66,56,61,25,65,51,59,62,24,23,26,11,9,6,12,11,13,UEFA Nations League B
M. Tóth,Vasas FC,Hungría,20,ST,Right,179,24,60,Hungría,66,59,49,55,27,57,47,60,54,52,66,54,51,47,44,54,63,69,55,63,55,59,57,53,61,53,53,24,65,48,59,58,29,19,22,12,8,14,9,12,7,UEFA Nations League B
J. Oblak,Atlético de Madrid,Eslovenia,1,GK,Right,188,33,83,Eslovenia,55,41,51,50,40,64,40,33,45,56,34,38,43,34,55,52,55,55,59,83,59,62,66,56,72,42,56,50,34,58,44,66,36,38,36,86,82,79,80,87,62,UEFA Nations League B
M. Vidovsek,NK Olimpija Ljubljana,Eslovenia,12,GK,Right,199,26,66,Eslovenia,45,23,37,33,26,50,23,16,29,42,17,21,24,25,41,37,44,46,43,67,42,46,52,47,55,20,42,33,11,44,27,47,21,26,20,64,65,59,71,67,46,UEFA Nations League B
Z. Leban,NK Celje,Eslovenia,16,GK,Right,188,23,67,Eslovenia,39,26,37,31,24,49,22,22,27,44,19,15,22,18,44,38,36,42,36,62,49,44,51,44,53,17,45,34,23,43,26,46,20,19,23,68,66,61,66,70,45,UEFA Nations League B
I. Vekic,HNK Rijeka,Eslovenia,,GK,Right,192,28,64,Eslovenia,40,22,31,32,22,47,16,17,23,37,18,22,16,21,34,35,38,42,38,53,47,43,54,33,56,13,38,28,17,39,23,43,23,17,21,64,59,58,63,68,40,UEFA Nations League B
J. Bijol,Leeds United,Eslovenia,6,"CB, CDM",Right,190,27,80,Eslovenia,77,60,68,71,83,85,61,57,87,76,61,68,57,57,77,72,76,77,67,81,71,77,86,79,88,51,84,81,57,58,60,79,78,86,85,14,14,15,15,6,12,UEFA Nations League B
V. Drkusic,RCD Espanyol,Eslovenia,21,"CB, RB",Right,186,26,70,Eslovenia,67,51,56,62,71,71,51,48,73,63,44,57,49,48,63,67,66,68,61,71,60,62,72,66,73,50,74,73,39,49,49,67,73,68,69,7,13,14,14,14,15,UEFA Nations League B
D. Brekalo,Orlando City SC,Eslovenia,23,"CB, CDM",Right,186,27,71,Eslovenia,64,51,58,58,72,76,53,45,68,68,49,51,50,51,61,63,63,64,60,65,57,67,73,67,80,49,79,75,45,48,50,66,71,72,78,8,8,15,12,13,15,UEFA Nations League B
D. Zec,Holstein Kiel,Eslovenia,17,"CB, CDM",Right,190,26,68,Eslovenia,63,49,55,55,71,73,50,46,75,59,41,49,46,52,63,59,58,67,56,64,55,60,70,64,77,47,76,71,43,51,48,66,68,73,70,14,15,14,14,13,9,UEFA Nations League B
S. Kuzmic,FC Lorient,Eslovenia,5,"LB, LM",Left,183,22,66,Eslovenia,67,52,59,65,64,67,61,49,57,62,44,65,61,50,61,64,66,67,67,62,70,61,74,68,68,52,60,66,51,54,51,67,64,65,67,9,6,12,7,6,13,UEFA Nations League B
J. Balkovec,Omonia Nicosia,Eslovenia,3,LB,Left,185,32,68,Eslovenia,72,52,61,65,66,67,69,48,63,62,56,68,60,56,61,61,70,74,71,69,62,58,65,77,64,51,62,65,58,54,52,63,66,65,70,14,6,7,9,9,7,UEFA Nations League B
J. Urbancic,NK Olimpija Ljubljana,Eslovenia,,"LB, LM",Left,177,25,65,Eslovenia,70,51,60,63,65,62,64,49,57,63,47,57,56,50,62,68,74,66,71,63,67,57,61,71,58,51,62,68,54,51,50,60,64,68,65,9,13,7,15,9,15,UEFA Nations League B
E. Janza,Górnik Zabrze,Eslovenia,13,"LB, LM",Left,175,33,66,Eslovenia,67,52,62,63,66,63,64,46,60,66,52,65,58,56,62,59,63,71,66,68,71,62,65,67,60,53,65,70,56,58,50,63,67,63,68,6,7,10,7,6,14,UEFA Nations League B
Z. Karnicnik,NK Maribor,Eslovenia,2,"RB, LB",Right,184,32,69,Eslovenia,69,51,63,67,66,68,64,46,65,66,46,67,63,56,64,66,71,67,68,72,62,62,72,72,65,50,71,62,58,58,58,74,68,66,68,11,12,14,13,10,13,UEFA Nations League B
T. Svetlin,AS Saint-Étienne,Eslovenia,14,"CDM, CB",Right,177,25,70,Eslovenia,64,62,65,67,73,74,61,61,61,69,56,65,57,61,71,70,63,65,63,67,66,68,64,77,74,60,73,70,63,62,57,76,79,73,71,6,12,7,6,14,6,UEFA Nations League B
M. Zabukovnik,NK Celje,Eslovenia,4,"CDM, CM",Right,185,25,60,Eslovenia,52,49,55,58,61,65,42,43,56,61,41,57,44,50,54,60,55,50,55,62,55,62,61,66,65,52,66,61,53,61,52,58,64,62,58,15,9,15,9,11,10,UEFA Nations League B
T. Max Elsnik,Estrella Roja de Belgrado,Eslovenia,10,"CM, CAM",Left,182,28,71,Eslovenia,70,64,73,72,67,70,68,59,63,78,62,72,63,65,74,72,66,73,68,70,72,70,61,77,70,67,66,66,71,73,68,74,71,68,62,12,7,12,11,12,8,UEFA Nations League B
A. Gnezda Cerin,Al-Wahda FC,Eslovenia,22,CM,Right,180,27,71,Eslovenia,68,66,69,73,64,71,65,65,61,69,61,74,67,66,72,72,69,67,70,71,72,69,66,74,71,66,67,67,64,70,70,72,60,66,63,6,14,12,8,12,14,UEFA Nations League B
S. Lovrić,Udinese,Eslovenia,8,"CM, CDM",Right,180,28,71,Eslovenia,69,65,70,75,63,72,65,63,63,71,67,75,72,64,71,78,68,69,74,67,70,71,61,74,74,65,68,65,66,76,63,76,64,62,58,6,6,6,15,7,7,UEFA Nations League B
T. Horvat,Bristol City,Eslovenia,19,RM,Left,176,27,71,Eslovenia,73,67,73,71,50,62,77,66,55,73,65,73,75,66,71,70,75,71,71,64,69,69,60,77,55,67,62,57,71,70,65,68,46,48,44,15,9,11,7,7,8,UEFA Nations League B
D. Sturm,SK Slavia Praga,Eslovenia,15,"LW, ST",Left,182,27,71,Eslovenia,81,70,70,75,40,64,67,67,62,73,67,77,71,66,66,73,81,81,80,73,76,75,63,66,65,70,59,40,75,69,69,69,37,36,35,6,10,11,10,10,14,UEFA Nations League B
T. Begic,UC Sampdoria,Eslovenia,7,LW,Left,175,23,68,Eslovenia,77,70,68,71,38,58,66,69,55,73,67,72,69,62,63,69,73,81,77,67,73,74,54,63,56,67,57,38,75,68,65,64,39,34,30,6,11,10,9,10,11,UEFA Nations League B
B. Verbic,NK Celje,Eslovenia,,LW,Left,183,32,69,Eslovenia,74,69,67,74,39,63,64,71,59,68,66,72,68,61,62,76,71,76,70,78,76,68,61,71,64,67,51,46,71,72,62,71,37,32,34,13,6,11,6,13,14,UEFA Nations League B
A. Matko,Újpest FC,Eslovenia,20,RW,Right,176,26,67,Eslovenia,74,65,65,70,37,64,68,69,59,65,62,71,71,69,58,68,74,74,73,66,73,60,61,75,61,60,56,41,69,63,64,61,35,31,28,13,8,11,6,12,15,UEFA Nations League B
B. Šeško,Manchester United,Eslovenia,,ST,Right,195,23,85,Eslovenia,86,89,76,87,53,89,74,92,88,80,80,90,78,72,71,86,87,85,83,83,80,86,89,83,95,87,81,54,88,77,85,85,46,49,48,8,11,8,12,14,6,UEFA Nations League B
Z. Vipotnik,Swansea City,Eslovenia,18,ST,Both,185,24,78,Eslovenia,79,79,66,77,43,81,64,82,77,67,73,77,73,69,63,78,74,83,79,80,72,78,81,72,87,73,76,44,83,68,79,75,36,41,38,11,7,7,6,12,14,UEFA Nations League B
Z. Celar,FC Basilea,Eslovenia,11,"ST, LW",Right,186,27,68,Eslovenia,67,71,59,66,31,68,53,73,67,62,67,67,60,56,52,65,69,66,63,70,65,73,70,63,73,64,63,28,72,64,67,74,23,29,28,11,8,15,7,15,6,UEFA Nations League B
A. Sporar,Slovan Bratislava,Eslovenia,9,"ST, CF",Right,186,32,71,Eslovenia,69,74,62,69,37,75,63,76,71,64,71,65,66,63,54,74,73,65,68,74,64,71,75,72,78,73,71,40,72,61,71,77,35,30,26,7,15,14,9,10,7,UEFA Nations League B
A. Gunn,San José Earthquakes,Escocia,1,GK,Right,196,30,67,Escocia,44,24,33,33,26,54,19,19,32,40,21,22,25,21,38,35,41,46,38,69,44,41,56,41,64,21,46,33,16,38,31,49,24,24,21,71,71,63,70,69,49,UEFA Nations League B
L. Kelly,Rangers FC,Escocia,12,GK,Right,184,30,65,Escocia,37,25,33,34,22,47,21,18,23,40,14,22,16,13,37,36,36,38,42,63,53,47,56,35,55,24,38,33,20,38,24,45,17,18,21,68,64,57,64,69,43,UEFA Nations League B
J. McCracken,Bradford City,Escocia,,GK,Right,190,26,63,Escocia,37,22,32,28,20,47,19,16,19,38,12,14,13,17,37,34,36,38,39,58,37,45,52,38,57,18,34,27,10,37,25,38,19,20,15,63,60,54,61,68,40,UEFA Nations League B
S. Bain,Falkirk FC,Escocia,,GK,Right,183,34,62,Escocia,29,18,31,31,22,46,19,11,24,37,10,18,15,20,28,36,26,31,37,60,42,39,53,39,51,15,40,30,12,40,17,41,14,23,21,67,62,61,61,67,39,UEFA Nations League B
L. Binks,Brøndby IF,Escocia,,CB,Left,190,25,72,Escocia,69,50,60,61,75,74,54,46,79,68,42,61,50,53,62,60,71,67,60,72,59,64,77,66,78,49,74,73,46,53,56,68,73,77,71,8,9,15,7,6,11,UEFA Nations League B
S. McKenna,GNK Dinamo Zagreb,Escocia,26,CB,Left,189,29,72,Escocia,60,55,60,60,77,76,59,49,75,64,47,56,55,56,63,64,60,60,57,68,60,70,72,71,80,58,71,77,44,55,51,69,78,78,71,13,13,12,7,6,6,UEFA Nations League B
L. Graham,Stoke City,Escocia,,CB,Left,192,22,69,Escocia,61,48,59,60,77,76,57,41,77,66,45,56,47,46,62,66,60,61,56,70,51,63,69,68,82,53,75,78,42,53,45,59,73,81,72,15,6,14,12,6,7,UEFA Nations League B
J. Hendry,Al-Ettifaq FC,Escocia,13,CB,Right,192,31,71,Escocia,64,48,58,60,71,76,54,39,72,67,45,57,54,50,62,63,66,62,52,71,57,67,77,75,77,50,72,71,48,48,51,76,68,73,76,15,15,11,6,10,10,UEFA Nations League B
S. Welsh,Swansea City,Escocia,,"CB, CDM",Right,189,26,71,Escocia,65,51,59,59,74,75,56,49,76,65,44,53,53,52,67,62,63,66,58,69,63,62,74,70,78,48,73,77,48,51,55,72,74,74,69,10,6,9,11,13,9,UEFA Nations League B
A. Robertson,Tottenham Hotspur,Escocia,3,LB,Left,178,32,76,Escocia,78,62,75,74,73,75,76,61,71,79,56,67,65,62,69,78,81,76,83,80,79,69,70,82,72,62,73,69,61,78,58,74,71,78,77,14,12,7,14,7,9,UEFA Nations League B
K. Tierney,Celtic FC,Escocia,6,LB,Left,180,29,73,Escocia,76,60,69,71,71,70,72,58,66,75,51,65,66,61,62,75,77,76,74,71,75,71,68,76,67,60,70,71,56,63,53,76,72,71,74,9,11,6,11,14,12,UEFA Nations League B
J. Doig,US Sassuolo,Escocia,,LB,Left,189,24,73,Escocia,77,58,69,69,71,71,72,54,71,73,56,70,62,60,69,66,79,75,73,67,68,70,69,75,70,58,70,70,59,64,57,69,67,73,75,7,8,7,10,13,9,UEFA Nations League B
A. Hickey,Brentford FC,Escocia,2,"RB, LB",Both,185,24,77,Escocia,81,63,71,73,75,76,77,58,73,74,56,74,65,66,74,70,84,79,78,78,72,70,73,87,73,69,72,77,65,61,65,74,74,72,83,12,15,7,7,12,11,UEFA Nations League B
N. Patterson,Torino FC,Escocia,22,RB,Right,183,24,72,Escocia,73,59,68,67,68,72,76,56,68,72,58,67,58,56,67,67,72,74,67,69,68,64,68,77,70,62,74,65,55,57,57,64,71,66,66,11,15,9,14,8,10,UEFA Nations League B
C. Donovan,Celtic FC,Escocia,,"RB, RM",Right,186,20,65,Escocia,70,53,61,60,62,65,64,49,61,65,45,57,57,50,59,63,69,70,63,59,66,60,69,66,65,55,61,62,54,54,53,58,63,61,60,12,6,7,15,7,9,UEFA Nations League B
B. Gilmour,SSC Nápoles,Escocia,,"CDM, CB",Right,170,25,78,Escocia,74,70,73,72,80,78,70,68,71,77,60,68,73,71,76,75,75,74,66,86,73,76,70,82,75,73,80,83,69,69,68,76,83,76,81,7,6,9,6,14,11,UEFA Nations League B
L. Ferguson,Bolonia,Escocia,19,CM,Right,181,27,78,Escocia,78,71,77,79,68,79,70,67,74,81,74,79,75,70,77,83,78,78,73,77,73,76,74,77,82,75,76,64,73,80,71,74,72,65,68,14,6,8,14,11,6,UEFA Nations League B
L. Miller,Udinese,Escocia,,"CM, CAM",Right,182,20,72,Escocia,73,64,70,72,64,74,67,58,61,69,61,71,68,68,73,74,74,73,69,70,67,69,68,74,74,70,74,71,72,73,64,70,62,64,60,9,6,8,11,8,9,UEFA Nations League B
R. Christie,AFC Bournemouth,Escocia,11,CM,Left,178,31,78,Escocia,71,73,79,78,71,75,74,69,68,79,66,75,74,71,82,82,74,69,75,77,83,79,71,81,74,75,73,74,80,83,75,81,76,67,67,11,6,6,14,7,12,UEFA Nations League B
K. Montgomery,Blackburn Rovers,Escocia,,"CM, CAM",Right,184,22,65,Escocia,63,58,65,66,59,67,59,56,55,66,57,66,65,61,71,69,63,63,61,62,61,60,59,66,71,61,59,64,60,64,59,65,57,59,58,11,6,15,15,7,6,UEFA Nations League B
K. McLean,Norwich City,Escocia,23,"CM, CAM",Left,183,34,68,Escocia,58,66,71,70,58,66,70,66,58,72,49,70,69,62,67,74,58,58,66,64,63,69,61,72,63,67,65,56,63,75,64,68,55,60,61,9,15,8,14,6,7,UEFA Nations League B
J. McGinn,Aston Villa,Escocia,7,"RM, LM",Left,178,31,77,Escocia,78,72,78,79,57,71,79,72,70,75,70,80,74,71,76,79,74,81,79,73,80,74,66,80,66,71,73,60,71,84,75,75,55,55,53,7,9,8,13,7,12,UEFA Nations League B
F. Curtis,Rangers FC,Escocia,25,"LW, LM",Left,180,20,65,Escocia,73,63,62,67,34,56,66,62,54,62,60,68,70,54,57,65,78,69,70,63,68,66,58,65,55,64,49,39,66,63,62,61,29,31,32,6,12,11,9,15,11,UEFA Nations League B
J. McPake,Heart of Midlothian FC,Escocia,,LW,Left,180,25,68,Escocia,77,64,69,75,35,59,65,62,56,74,63,81,70,63,65,73,80,75,71,62,73,68,59,69,57,66,51,40,59,70,65,66,32,31,29,7,12,10,7,9,10,UEFA Nations League B
B. Gannon-Doak,AFC Bournemouth,Escocia,17,"RW, RM",Right,173,20,72,Escocia,81,71,73,75,39,63,77,74,59,74,72,75,70,66,61,75,79,82,83,73,76,66,63,74,59,68,60,41,73,80,69,65,35,36,37,15,8,12,11,12,15,UEFA Nations League B
K. Bowie,US Sassuolo,Escocia,,"ST, CF",Left,190,24,73,Escocia,76,74,62,70,43,73,63,73,78,66,68,66,59,64,51,76,74,78,69,74,60,75,72,67,77,73,69,35,80,65,74,76,42,37,41,10,15,11,6,7,12,UEFA Nations League B
R. Ure,Sevilla FC,Escocia,,"ST, LW",Right,189,22,71,Escocia,70,73,63,71,38,71,58,78,74,67,68,73,62,65,60,72,68,72,62,71,69,72,76,62,77,63,66,33,78,63,70,77,38,35,26,9,15,7,12,9,12,UEFA Nations League B
O. McBurnie,Hull City,Escocia,,"ST, CF",Right,188,30,74,Escocia,73,78,62,72,42,75,60,77,79,64,76,67,64,62,59,78,75,71,71,73,70,78,78,67,79,80,74,37,80,62,82,76,47,32,30,7,15,15,15,9,9,UEFA Nations League B
J. Wilson,Heart of Midlothian FC,Escocia,,ST,Right,184,19,66,Escocia,69,68,56,64,31,66,52,69,67,61,63,63,56,53,47,65,66,71,61,66,63,71,64,57,71,61,64,33,74,59,69,68,29,22,21,8,13,8,6,13,9,UEFA Nations League B
M. Zlomislic,Qarabağ FK,Bosnia-Herzegovina,22,GK,Right,189,28,68,Bosnia-Herzegovina,42,24,37,36,23,49,28,15,25,41,28,25,18,19,42,41,38,46,43,56,46,46,50,42,54,23,47,30,20,46,26,48,17,23,22,69,65,62,71,72,45,UEFA Nations League B
S. Hamzic,WSG Tirol,Bosnia-Herzegovina,12,GK,Left,190,20,62,Bosnia-Herzegovina,44,20,32,28,18,47,24,16,22,38,10,17,17,23,33,30,42,46,38,59,39,40,49,36,56,16,40,26,10,37,18,35,14,17,15,61,61,52,58,61,41,UEFA Nations League B
M. Jurkas,FK Borac Banja Luka,Bosnia-Herzegovina,1,GK,Right,193,18,58,Bosnia-Herzegovina,37,18,24,24,15,44,10,10,19,28,10,12,14,14,28,29,36,38,32,51,40,39,48,39,50,17,34,19,10,35,19,36,18,10,12,59,57,50,57,59,38,UEFA Nations League B
T. Muharemović,Leeds United,Bosnia-Herzegovina,4,"CB, RB",Left,192,23,80,Bosnia-Herzegovina,74,63,68,68,83,83,65,59,81,72,62,61,60,64,70,72,72,76,71,78,65,77,86,79,87,60,78,85,52,63,62,79,84,83,79,15,15,14,15,14,9,UEFA Nations League B
Z. Smajlović,Olympiacos El Pireo,Bosnia-Herzegovina,7,"CB, CDM",Both,191,22,71,Bosnia-Herzegovina,67,50,58,60,78,74,51,44,74,65,47,58,47,50,61,60,65,68,59,69,55,66,76,66,78,51,75,76,47,54,50,67,80,80,70,6,10,12,10,11,14,UEFA Nations League B
S. Kolasinac,Atalanta de Bérgamo,Bosnia-Herzegovina,5,CB,Left,183,33,77,Bosnia-Herzegovina,65,58,67,66,79,78,64,52,76,73,52,63,54,60,66,67,64,65,63,77,65,73,79,72,80,64,81,83,45,66,53,73,78,79,75,7,14,6,13,14,12,UEFA Nations League B
S. Radeljic,GNK Dinamo Zagreb,Bosnia-Herzegovina,21,CB,Left,201,29,71,Bosnia-Herzegovina,63,51,58,56,75,78,55,46,83,65,43,50,44,48,66,59,61,64,56,75,56,62,84,67,85,54,75,78,47,51,49,71,73,73,76,15,13,15,12,9,15,UEFA Nations League B
N. Katic,FC Schalke 04,Bosnia-Herzegovina,18,CB,Right,194,29,69,Bosnia-Herzegovina,59,45,56,54,72,69,56,38,69,61,43,53,53,48,59,54,60,58,53,62,54,62,73,67,69,47,71,76,42,49,46,65,67,75,73,10,9,10,7,11,7,UEFA Nations League B
N. Mujakic,BErzurumspor FK,Bosnia-Herzegovina,2,CB,Left,189,28,67,Bosnia-Herzegovina,63,50,55,57,68,68,48,46,73,60,43,51,52,49,57,63,60,66,54,63,57,67,71,63,69,47,70,73,43,53,52,59,66,65,68,7,8,8,14,10,13,UEFA Nations League B
A. Malic,SK Sturm Graz,Bosnia-Herzegovina,3,RB,Right,186,21,65,Bosnia-Herzegovina,69,53,60,61,64,68,67,49,61,66,46,61,58,47,57,60,66,71,61,63,65,66,60,74,68,51,63,64,54,50,52,63,68,63,62,12,6,15,8,12,13,UEFA Nations League B
I. Šunjić,Pafos FC,Bosnia-Herzegovina,14,CDM,Right,183,29,70,Bosnia-Herzegovina,62,64,68,69,71,72,63,63,65,75,55,70,56,59,69,69,59,64,69,67,66,68,66,77,69,65,75,73,62,65,58,71,72,71,73,15,14,15,15,8,12,UEFA Nations League B
B. Tahirović,KRC Genk,Bosnia-Herzegovina,6,"CM, CAM",Right,191,23,70,Bosnia-Herzegovina,67,65,70,71,62,73,64,64,67,76,58,71,65,66,70,72,70,65,65,71,69,70,63,77,75,65,66,61,69,67,64,71,64,61,59,7,9,15,7,8,15,UEFA Nations League B
A. Gigovic,BSC Young Boys,Bosnia-Herzegovina,8,CM,Right,187,24,70,Bosnia-Herzegovina,68,67,70,69,64,73,65,63,66,75,60,70,68,58,69,70,70,67,62,73,64,75,71,74,75,71,69,66,63,68,64,68,65,61,62,9,7,12,10,8,9,UEFA Nations League B
I. Basic,FC Astana,Bosnia-Herzegovina,13,"CM, CDM",Left,178,24,67,Bosnia-Herzegovina,63,61,70,67,58,64,67,57,55,73,56,66,61,58,72,70,66,61,65,63,67,65,62,69,61,68,65,61,68,72,57,69,58,56,57,15,12,15,8,13,8,UEFA Nations League B
L. Duric,SC Paderborn 07,Bosnia-Herzegovina,,"CM, CAM",Right,181,23,64,Bosnia-Herzegovina,61,59,67,60,60,62,61,56,63,73,57,56,62,52,66,64,59,62,62,63,61,60,63,68,62,64,56,61,61,67,60,66,57,65,52,10,10,12,14,8,9,UEFA Nations League B
A. Memić,FC Viktoria Plzen,Bosnia-Herzegovina,15,RM,Right,176,25,73,Bosnia-Herzegovina,81,68,74,71,53,64,84,67,53,73,65,72,74,70,66,71,79,83,72,69,71,71,65,71,60,69,65,58,70,72,70,68,51,51,53,6,10,8,8,6,15,UEFA Nations League B
E. Mahmic,Corum FK,Bosnia-Herzegovina,16,CAM,Right,182,21,70,Bosnia-Herzegovina,73,71,69,72,43,62,65,71,57,73,71,73,75,63,65,72,73,73,71,66,74,71,58,67,61,70,57,42,73,70,70,72,39,46,32,7,13,14,15,14,6,UEFA Nations League B
K. Alajbegovic,Juventus de Turín,Bosnia-Herzegovina,,"LW, ST",Both,186,19,76,Bosnia-Herzegovina,81,75,73,76,48,70,72,74,67,75,70,78,76,70,69,77,81,81,73,72,74,77,68,74,70,75,63,47,80,72,75,74,46,44,44,11,12,10,10,8,12,UEFA Nations League B
N. Omerovic,GD Estoril Praia,Bosnia-Herzegovina,20,"LW, ST",Left,174,23,68,Bosnia-Herzegovina,75,66,66,70,36,59,69,66,52,66,60,73,66,59,60,65,76,75,76,68,74,64,62,69,57,69,49,43,66,67,65,68,32,33,30,6,9,10,7,14,12,UEFA Nations League B
E. Bajraktarevic,PSV Eindhoven,Bosnia-Herzegovina,11,"RW, ST",Left,175,21,73,Bosnia-Herzegovina,80,72,70,77,43,68,74,75,59,74,69,78,73,66,58,76,83,78,77,71,80,67,62,81,66,71,59,40,80,69,73,71,43,43,35,8,13,6,10,8,15,UEFA Nations League B
A. Hasic,Cracovia,Bosnia-Herzegovina,17,"RW, RM",Left,180,24,70,Bosnia-Herzegovina,76,69,67,70,42,66,73,69,59,69,64,70,76,69,65,69,72,80,76,66,70,70,63,71,67,68,57,41,71,57,65,71,40,42,31,14,8,14,15,15,8,UEFA Nations League B
E. Demirovic,VfB Stuttgart,Bosnia-Herzegovina,10,"ST, CF",Right,185,28,81,Bosnia-Herzegovina,82,80,70,79,48,81,69,80,85,76,80,76,69,71,62,81,83,82,82,80,79,83,80,77,84,77,78,45,83,69,77,80,45,42,39,14,6,7,8,13,13,UEFA Nations League B
H. Tabakovic,Red Bull Salzburgo,Bosnia-Herzegovina,23,"ST, LW",Right,196,32,75,Bosnia-Herzegovina,74,77,64,71,43,78,58,81,81,67,75,72,68,68,61,70,77,71,65,81,67,77,77,70,85,69,70,41,83,67,75,76,39,38,39,6,9,13,15,13,13,UEFA Nations League B
J. Lukić,FC Universitatea Cluj,Bosnia-Herzegovina,19,ST,Left,190,27,70,Bosnia-Herzegovina,74,71,60,70,36,72,57,73,77,65,68,71,61,60,49,71,73,74,68,67,68,73,71,67,78,67,62,31,76,62,68,73,36,29,31,14,11,13,14,15,6,UEFA Nations League B
S. Bazdar,Sint-Truidense VV,Bosnia-Herzegovina,9,ST,Right,189,22,66,Bosnia-Herzegovina,65,66,56,63,33,67,52,68,71,61,69,61,60,55,49,65,66,65,57,67,61,71,72,65,70,54,59,28,68,55,63,70,27,30,29,9,7,12,6,11,15,UEFA Nations League B
A. Murić,US Sassuolo,Kosovo,1,GK,Right,198,27,74,Kosovo,51,32,43,39,32,60,34,25,30,47,31,26,29,26,44,42,51,51,47,65,58,55,63,50,67,28,53,43,23,51,34,56,28,31,29,79,75,66,73,78,54,UEFA Nations League B
A. Saipi,CD Castellón,Kosovo,16,GK,Right,194,26,66,Kosovo,39,25,33,34,24,50,18,21,24,42,14,23,23,18,38,37,41,38,40,59,46,46,53,37,59,19,41,31,13,36,28,48,21,25,21,65,65,58,67,72,47,UEFA Nations League B
V. Bekaj,KF Tirana,Kosovo,12,GK,Right,191,29,65,Kosovo,41,22,32,32,24,47,17,15,27,37,15,18,18,21,36,38,44,39,41,62,47,43,54,40,55,16,35,27,17,39,28,44,20,26,17,67,64,61,63,64,44,UEFA Nations League B
A. Hajdari,TSG 1899 Hoffenheim,Kosovo,21,"CB, CDM",Left,189,23,80,Kosovo,71,60,68,67,83,85,66,52,84,74,55,59,62,59,70,71,72,70,70,83,66,81,82,80,90,55,81,82,61,62,62,79,82,84,82,12,8,7,14,14,8,UEFA Nations League B
L. Dellova,Amed SK,Kosovo,,CB,Right,187,27,69,Kosovo,67,48,59,59,69,73,57,43,67,67,41,56,49,53,62,62,66,67,57,67,55,63,70,68,76,43,71,69,47,47,51,68,68,71,66,10,8,12,14,14,8,UEFA Nations League B
L. Sadriu,ACSC FC Arges,Kosovo,,"CB, RB",Left,188,25,66,Kosovo,62,45,56,57,70,68,52,38,69,65,44,50,47,50,61,62,60,63,59,62,53,59,69,64,70,49,66,69,34,46,47,64,68,72,73,15,12,14,8,13,15,UEFA Nations League B
I. Krasniqi,Polissya Zhytomyr,Kosovo,,CB,Right,189,26,65,Kosovo,59,46,57,56,70,66,57,40,69,65,42,54,47,46,53,59,57,61,51,68,52,64,69,56,72,42,64,70,45,51,43,62,70,73,65,9,9,12,14,15,7,UEFA Nations League B
R. Raci,HNK Hajduk Split,Kosovo,6,"CB, CDM",Left,189,24,65,Kosovo,58,45,55,53,68,69,49,41,71,65,40,47,44,47,61,57,60,57,49,65,54,54,71,59,74,48,67,70,36,42,44,64,69,68,61,6,15,8,15,14,9,UEFA Nations League B
M. Vojvoda,Udinese,Kosovo,15,RB,Right,187,31,71,Kosovo,76,59,65,71,69,72,74,56,61,65,54,67,60,58,65,75,79,74,72,73,66,65,68,74,73,62,67,71,58,61,51,67,75,67,65,8,9,6,9,11,11,UEFA Nations League B
L. Avdullahu,TSG 1899 Hoffenheim,Kosovo,10,CDM,Right,185,22,77,Kosovo,73,68,74,76,78,83,69,63,74,82,61,76,63,61,75,76,70,76,70,76,76,79,77,88,83,70,80,76,73,72,69,79,81,76,80,9,10,12,6,12,12,UEFA Nations League B
V. Hodza,Rubin Kazan,Kosovo,20,CDM,Right,183,23,70,Kosovo,62,64,66,68,69,71,62,63,69,69,54,65,61,62,70,72,59,64,66,65,69,68,73,74,72,63,66,72,65,65,61,67,65,71,67,13,13,13,6,9,12,UEFA Nations League B
E. Osmani,FC Bayern Múnich Sub-19,Kosovo,,CDM,Left,191,17,62,Kosovo,59,53,59,55,64,65,48,48,63,68,48,54,54,52,58,57,58,60,54,57,49,64,67,62,70,54,56,57,51,56,49,58,63,70,63,13,15,6,14,9,12,UEFA Nations League B
D. Kacuri,SC Austria Lustenau,Kosovo,,"CDM, CB",Left,190,22,61,Kosovo,52,52,57,56,60,67,50,49,58,62,45,56,57,46,61,56,56,49,53,62,56,58,61,69,68,54,65,63,51,55,49,63,62,56,63,9,12,9,14,14,13,UEFA Nations League B
V. Demaku,SCR Altach,Kosovo,20,"CDM, CM",Right,180,26,63,Kosovo,56,56,60,62,62,68,54,58,63,65,52,66,57,51,60,59,55,56,58,64,54,57,58,70,71,54,62,61,50,59,59,62,60,64,62,6,13,7,12,9,14,UEFA Nations League B
L. Emërllahu,Polissya Zhytomyr,Kosovo,22,CM,Both,183,23,66,Kosovo,64,60,65,66,56,64,65,54,53,68,55,62,63,59,64,72,68,60,64,70,65,65,61,65,66,65,58,61,69,63,60,67,53,56,60,8,15,14,10,14,8,UEFA Nations League B
V. Matoshi,SK Sturm Graz,Kosovo,,CM,Right,184,23,68,Kosovo,66,62,69,68,60,65,65,62,55,71,56,61,66,67,70,76,66,66,67,70,62,66,60,70,65,60,61,65,61,70,67,75,60,57,60,12,8,10,15,12,12,UEFA Nations League B
D. Rrudhani,FC Sion,Kosovo,,RM,Left,188,27,68,Kosovo,72,63,66,63,49,65,71,61,56,66,62,63,68,59,66,63,74,70,65,64,69,65,60,69,67,64,57,50,66,63,64,59,47,48,45,15,13,9,13,7,10,UEFA Nations League B
D. Gallapeni,Wisła Płock,Kosovo,19,"LM, LW",Left,182,21,68,Kosovo,74,64,68,71,49,67,74,61,58,68,59,75,69,62,61,71,77,71,69,64,67,68,60,72,66,65,63,49,67,67,64,63,49,47,44,7,6,10,10,9,8,UEFA Nations League B
M. Jashari,LNZ Cherkasy,Kosovo,22,"CAM, CF",Both,182,28,68,Kosovo,65,68,68,72,39,60,67,68,52,69,66,73,67,61,66,71,64,65,75,67,66,68,52,62,63,71,53,42,70,70,65,69,41,34,26,14,9,15,14,9,11,UEFA Nations League B
M. Korenica,FCSB,Kosovo,7,LW,Left,175,29,70,Kosovo,79,68,69,72,41,65,75,68,54,70,67,73,70,61,64,71,82,77,73,69,78,71,65,72,64,69,57,41,64,67,64,67,45,32,40,15,11,6,6,10,9,UEFA Nations League B
E. Krasniqi,Amed SK,Kosovo,17,"LW, ST",Left,188,28,67,Kosovo,73,69,63,72,37,60,67,70,58,64,69,71,68,62,58,74,71,74,73,68,65,74,63,70,58,62,53,36,69,62,59,68,34,35,31,15,9,12,9,9,15,UEFA Nations League B
E. Zhegrova,Juventus de Turín,Kosovo,10,"RW, RM",Left,180,27,74,Kosovo,78,73,70,78,40,68,75,71,60,67,75,82,73,71,64,75,79,77,85,70,76,71,67,75,69,78,59,43,75,74,71,72,38,36,34,8,12,7,11,11,11,UEFA Nations League B
M. Rashica,Besiktas JK,Kosovo,,"RW, RM",Right,178,30,71,Kosovo,76,71,68,74,41,64,64,72,55,70,65,74,74,62,66,75,76,76,77,70,75,73,61,71,62,68,60,41,74,72,62,70,40,40,35,11,13,11,11,10,6,UEFA Nations League B
B. Zabergja,FC Kharkiv,Kosovo,23,"RW, RM",Right,185,25,69,Kosovo,77,69,67,69,36,65,68,71,61,69,64,69,67,67,60,68,79,75,75,69,66,73,59,70,67,60,57,39,69,68,69,62,30,34,32,7,12,14,12,15,6,UEFA Nations League B
M. Avdyli,NK Celje,Kosovo,,"RW, RM",Left,180,24,64,Kosovo,71,60,64,69,35,57,68,60,54,65,58,73,65,54,56,66,73,69,70,66,66,62,56,63,57,59,50,30,62,64,61,62,35,34,31,13,7,9,6,9,10,UEFA Nations League B
F. Asllani,TSG 1899 Hoffenheim,Kosovo,11,ST,Both,191,24,82,Kosovo,81,83,72,78,49,82,71,83,84,74,87,74,75,68,69,84,85,77,74,85,77,84,80,82,84,81,79,47,86,70,80,80,47,44,41,7,10,11,11,7,6,UEFA Nations League B
V. Muriqi,Fenerbahce,Kosovo,,ST,Left,194,32,78,Kosovo,79,81,70,77,47,81,66,85,84,75,75,77,68,64,64,76,82,76,78,81,68,82,87,73,88,74,70,44,83,72,79,78,41,46,40,12,15,6,11,10,10,UEFA Nations League B
P. Charles,Queens Park Rangers,Irlanda del Norte,1,GK,Right,186,21,66,Irlanda del Norte,40,23,36,34,25,48,27,13,25,39,20,18,25,21,36,43,38,41,43,64,46,48,51,39,56,24,36,32,18,47,24,41,19,28,17,64,66,63,63,64,44,UEFA Nations League B
B. Peacock-Farrell,Blackpool FC,Irlanda del Norte,23,GK,Left,194,29,68,Irlanda del Norte,45,25,37,37,28,48,24,17,27,41,18,24,21,22,42,41,45,45,45,69,52,50,53,40,53,20,44,33,13,48,29,51,27,27,20,72,68,61,64,72,46,UEFA Nations League B
C. Hazard,Wycombe Wanderers,Irlanda del Norte,12,GK,Left,198,28,64,Irlanda del Norte,35,24,33,32,23,45,18,15,19,40,15,22,16,22,30,33,34,35,42,66,40,50,53,35,51,23,42,31,16,43,23,41,26,16,20,63,68,61,62,69,44,UEFA Nations League B
D. Ballard,Sunderland AFC,Irlanda del Norte,4,CB,Right,187,27,78,Irlanda del Norte,71,61,68,69,80,79,65,61,80,79,51,61,56,59,74,75,73,70,68,79,66,75,75,76,81,51,78,78,56,53,52,77,78,82,82,6,13,6,8,15,12,UEFA Nations League B
T. Atcheson,Blackburn Rovers,Irlanda del Norte,18,CB,Right,182,20,64,Irlanda del Norte,57,43,51,52,68,65,47,38,67,58,34,50,39,42,53,53,60,54,52,58,53,59,69,63,67,43,63,67,36,45,45,56,71,66,67,8,10,12,10,11,8,UEFA Nations League B
R. McConville,Norwich City,Irlanda del Norte,15,"CB, CDM",Right,193,21,68,Irlanda del Norte,66,47,56,59,71,70,54,43,80,64,44,55,50,48,58,62,65,67,57,68,54,60,73,66,73,45,66,70,43,46,47,65,70,68,72,15,7,13,13,6,15,UEFA Nations League B
P. McNair,Hull City,Irlanda del Norte,17,"CB, CDM",Right,189,31,73,Irlanda del Norte,67,53,63,58,77,75,59,49,77,72,51,53,55,52,65,60,66,67,59,69,57,65,81,68,78,50,76,74,49,54,53,77,81,74,76,14,14,15,11,10,12,UEFA Nations League B
C. Brown,Oxford United,Irlanda del Norte,22,CB,Left,185,28,66,Irlanda del Norte,60,45,55,52,70,68,53,40,71,63,39,49,44,47,58,50,57,63,53,63,63,63,68,63,72,41,63,70,46,44,42,62,70,71,66,11,14,8,10,13,11,UEFA Nations League B
T. Hume,Sunderland AFC,Irlanda del Norte,5,"RB, LB",Right,180,24,80,Irlanda del Norte,85,66,77,76,78,78,83,60,69,81,59,76,69,64,79,73,84,85,78,77,79,80,78,86,75,66,77,76,67,69,66,81,78,80,81,9,11,7,15,12,13,UEFA Nations League B
T. Devlin,Portsmouth FC,Irlanda del Norte,2,RB,Right,180,22,70,Irlanda del Norte,75,57,65,68,67,70,72,54,64,70,50,70,58,55,63,66,69,80,68,64,76,65,69,76,67,58,68,67,57,56,57,61,69,66,71,6,7,14,13,14,14,UEFA Nations League B
B. Spencer,Oxford United,Irlanda del Norte,20,"RB, RM",Right,182,22,66,Irlanda del Norte,72,52,61,63,64,64,63,50,55,64,52,62,63,50,59,64,73,72,68,67,61,62,62,66,63,48,62,62,51,56,53,54,62,69,66,14,15,12,13,15,14,UEFA Nations League B
S. Charles,Fulham FC,Irlanda del Norte,19,"CDM, CB",Right,189,22,74,Irlanda del Norte,68,63,70,72,77,83,63,61,77,76,62,70,64,63,69,74,64,71,72,76,72,67,75,82,85,64,83,80,66,68,64,71,78,75,74,9,7,8,15,12,13,UEFA Nations League B
P. Kelly,Barnsley FC,Irlanda del Norte,16,CDM,Right,183,22,59,Irlanda del Norte,54,52,56,56,60,61,54,47,58,59,43,55,53,53,58,57,52,56,55,56,57,62,59,58,64,59,59,62,51,54,46,61,59,60,56,15,7,8,11,12,6,UEFA Nations League B
I. Price,West Bromwich Albion,Irlanda del Norte,14,CM,Right,188,23,75,Irlanda del Norte,74,69,75,74,72,74,70,68,71,77,63,76,73,72,75,73,72,76,68,77,72,71,70,82,75,70,64,75,70,78,69,76,74,69,65,7,8,15,9,8,6,UEFA Nations League B
E. Galbraith,Stoke City,Irlanda del Norte,7,CM,Right,175,25,76,Irlanda del Norte,77,71,78,80,67,71,72,65,65,84,63,76,71,70,81,85,74,79,82,73,77,79,68,76,69,76,69,70,73,75,70,78,66,65,69,15,8,13,15,12,14,UEFA Nations League B
J. Thompson,Preston North End,Irlanda del Norte,6,"CM, CAM",Left,180,29,64,Irlanda del Norte,60,62,63,65,57,63,59,64,57,67,55,69,61,59,60,63,62,59,56,68,66,64,52,60,66,58,64,57,62,64,59,66,58,57,56,8,13,8,6,14,13,UEFA Nations League B
J. Devenny,Stoke City,Irlanda del Norte,3,"CAM, CM",Left,184,22,73,Irlanda del Norte,73,74,77,77,46,67,74,76,67,74,66,77,75,73,73,81,78,69,76,66,71,74,64,70,69,74,59,47,78,90,70,74,40,44,43,14,6,7,14,13,13,UEFA Nations League B
J. Donley,Luton Town,Irlanda del Norte,10,"CAM, CF",Left,183,21,64,Irlanda del Norte,64,66,65,66,37,57,61,67,51,67,60,67,72,59,60,67,68,61,64,64,66,66,56,58,58,66,53,39,70,69,60,62,33,38,26,6,10,13,14,10,7,UEFA Nations League B
P. Smyth,Queens Park Rangers,Irlanda del Norte,11,RW,Right,175,29,68,Irlanda del Norte,77,68,67,72,37,58,68,68,51,74,65,74,71,65,54,70,78,76,70,68,74,70,56,67,56,68,53,38,71,63,64,67,35,35,35,10,8,13,12,14,8,UEFA Nations League B
K. Morrison,Sheffield Wednesday,Irlanda del Norte,13,"RW, ST",Left,173,19,60,Irlanda del Norte,68,57,58,60,29,53,64,58,41,58,53,63,61,54,53,57,67,69,63,58,63,56,49,62,51,53,47,35,68,57,52,51,32,21,18,15,6,14,14,11,6,UEFA Nations League B
C. Marshall,Luton Town,Irlanda del Norte,8,ST,Left,172,21,66,Irlanda del Norte,68,68,57,66,32,62,55,73,65,61,67,68,63,50,48,64,66,69,70,70,59,71,62,65,63,57,57,33,70,61,64,64,27,28,22,11,15,12,6,10,12,UEFA Nations League B
J. Magennis,FC Stevenage,Irlanda del Norte,21,ST,Right,188,36,59,Irlanda del Norte,54,62,47,57,26,60,42,64,65,48,58,57,53,45,45,57,58,50,59,61,50,62,60,53,65,60,54,23,61,51,56,62,19,26,19,14,7,12,6,8,15,UEFA Nations League B
C. O'Neill,Arsenal FC U21,Irlanda del Norte,9,"ST, LW",Left,187,18,56,Irlanda del Norte,56,59,44,56,22,59,41,62,53,50,54,55,50,42,36,58,61,52,60,52,49,58,59,56,63,52,51,21,64,42,63,55,24,15,13,15,15,15,12,6,15,UEFA Nations League B
I. Radu,RC Celta de Vigo,Rumanía,1,GK,Right,188,29,75,Rumanía,48,34,43,43,31,61,34,29,33,47,23,33,24,31,50,46,45,51,51,67,56,53,70,59,66,31,47,36,23,48,38,55,29,29,29,80,68,70,74,78,52,UEFA Nations League B
O. Hindrich,Legia de Varsovia,Rumanía,12,GK,Right,193,24,70,Rumanía,43,26,38,37,28,54,22,22,28,46,21,22,28,23,41,43,43,43,52,63,50,43,59,49,59,21,48,36,20,44,27,50,26,24,26,72,68,61,71,73,50,UEFA Nations League B
V. Cojocaru,Pogon Szczecin,Rumanía,16,GK,Right,195,31,66,Rumanía,39,22,35,34,24,50,20,13,28,40,10,21,18,21,38,38,38,39,41,68,47,42,55,40,57,23,43,29,21,47,28,46,21,23,17,68,65,60,64,69,42,UEFA Nations League B
R. Drăgușin,Fiorentina,Rumanía,,"CB, CDM",Right,192,24,78,Rumanía,73,57,63,67,81,85,61,54,81,68,50,62,56,59,68,71,74,72,64,80,65,72,84,76,89,53,86,77,54,53,58,71,80,86,77,8,13,9,11,12,15,UEFA Nations League B
A. Coubiș,Lincoln City,Rumanía,4,"CB, RB",Right,193,23,68,Rumanía,57,48,57,56,72,69,57,44,76,63,36,53,44,46,60,59,58,57,53,64,55,61,77,62,72,48,69,73,51,49,48,64,67,75,70,14,7,13,10,14,11,UEFA Nations League B
B. Racovițan,Raków Częstochowa,Rumanía,,"CB, CDM",Right,187,26,69,Rumanía,66,48,58,59,73,75,54,40,69,69,47,56,50,49,59,62,69,64,53,70,61,64,75,69,78,51,73,72,45,46,51,69,71,78,68,10,14,14,6,7,9,UEFA Nations League B
V. Ghiță,Hannover 96,Rumanía,5,CB,Right,186,28,70,Rumanía,68,54,59,60,74,73,59,53,72,65,47,56,49,51,61,60,65,70,63,71,61,68,71,63,77,48,74,69,47,53,49,68,77,76,70,6,14,8,14,12,9,UEFA Nations League B
A. Borza,Corum FK,Rumanía,7,LB,Left,180,20,68,Rumanía,78,54,63,66,64,64,64,51,57,67,48,65,61,50,61,67,76,79,68,66,70,63,67,69,60,54,67,68,61,58,54,59,61,69,62,12,13,13,11,15,15,UEFA Nations League B
N. Bancu,CS Universitatea Craiova,Rumanía,,"LB, LM",Left,178,34,72,Rumanía,74,59,66,69,67,72,78,59,64,65,56,69,69,62,65,68,70,78,72,75,72,61,69,76,73,56,66,69,63,59,55,70,64,68,72,9,6,14,9,13,7,UEFA Nations League B
A. Rațiu,Rayo Vallecano,Rumanía,,"RB, RM",Right,183,28,78,Rumanía,81,64,74,76,76,77,79,63,74,78,57,74,75,66,75,78,85,78,78,74,76,72,71,75,78,64,77,77,63,64,59,76,77,75,76,8,11,10,6,9,8,UEFA Nations League B
T. Strata,Vitória Guimarães SC,Rumanía,,"RB, LB",Right,177,22,69,Rumanía,75,55,63,67,67,68,69,56,60,67,49,68,60,53,62,65,74,76,76,62,69,59,66,74,67,51,66,68,55,56,52,65,66,69,69,6,12,6,8,10,7,UEFA Nations League B
M. Marin,Al-Nasr SC (UAE),Rumanía,,CDM,Right,180,28,69,Rumanía,62,61,65,62,71,71,56,59,63,67,52,61,65,60,68,61,61,63,65,65,66,65,70,67,72,63,73,73,62,68,56,71,71,74,67,7,9,12,14,14,15,UEFA Nations League B
T. Băluță,CS Universitatea Craiova,Rumanía,6,CDM,Right,192,27,69,Rumanía,62,58,68,66,69,78,57,51,71,72,47,65,63,56,73,67,63,61,59,74,61,66,74,75,83,68,71,71,64,75,62,76,67,72,64,11,9,10,15,11,14,UEFA Nations League B
R. Marin,AEK Atenas FC,Rumanía,,CM,Right,178,30,73,Rumanía,70,70,73,73,63,74,74,66,63,72,65,73,70,64,76,74,75,66,72,73,72,74,64,75,77,75,69,68,69,74,72,71,61,62,60,6,8,6,6,14,11,UEFA Nations League B
C. Cîrjan,FC Dinamo 1948,Rumanía,,CM,Right,174,23,67,Rumanía,64,62,67,69,61,66,61,56,55,71,54,68,68,61,71,69,62,66,74,69,65,74,62,81,60,65,65,67,60,65,63,66,61,60,62,11,14,13,6,6,12,UEFA Nations League B
A. Cicâldău,CS Universitatea Craiova,Rumanía,,CM,Right,178,29,69,Rumanía,67,64,71,68,61,67,65,63,60,78,64,67,67,62,68,69,66,67,70,71,67,68,55,73,68,64,61,62,67,71,64,64,66,57,56,13,8,14,13,14,15,UEFA Nations League B
V. Dragomir,Pafos FC,Rumanía,22,CAM,Left,178,27,68,Rumanía,75,69,69,74,43,59,63,68,55,72,67,78,70,66,71,74,73,76,68,66,69,68,57,64,60,71,53,44,69,71,67,65,44,38,38,14,15,8,15,10,13,UEFA Nations League B
I. Hagi,Alanyaspor,Rumanía,,CAM,Both,182,27,69,Rumanía,69,69,70,72,43,59,67,69,58,71,65,74,71,68,70,72,70,69,66,69,75,67,58,65,59,72,54,44,73,73,69,65,41,41,35,14,10,9,9,11,8,UEFA Nations League B
N. Stanciu,Dalian Yingbo,Rumanía,10,CAM,Right,170,33,75,Rumanía,73,72,78,78,45,66,72,71,60,81,68,76,76,72,73,80,76,70,78,78,80,71,60,72,64,76,67,42,74,86,74,78,45,45,40,9,14,13,11,9,13,UEFA Nations League B
F. Tănase,Omonia Nicosia,Rumanía,19,"CAM, CM",Right,185,31,70,Rumanía,70,68,72,70,44,62,67,67,65,72,62,67,69,68,68,73,67,73,72,71,71,70,60,63,63,70,59,47,76,84,67,71,40,41,38,11,10,8,11,10,6,UEFA Nations League B
V. Mihăilă,Caykur Rizespor,Rumanía,13,"LW, ST",Left,180,26,70,Rumanía,77,71,70,71,40,65,70,71,55,76,69,70,73,58,64,73,82,73,74,70,74,71,63,64,67,73,61,39,73,64,68,64,39,37,35,11,7,10,8,7,15,UEFA Nations League B
D. Man,PSV Eindhoven,Rumanía,,"RW, RM",Left,183,28,76,Rumanía,83,72,73,78,43,70,82,70,68,74,75,80,79,60,60,75,84,83,87,77,70,76,68,78,69,69,63,41,76,74,70,72,40,40,41,9,15,15,6,14,10,UEFA Nations League B
O. Moruțan,FC Rapid 1923,Rumanía,,RW,Left,173,27,68,Rumanía,74,67,67,70,39,58,69,68,53,72,65,73,67,63,57,68,72,75,76,58,70,71,59,66,55,62,56,42,66,67,66,65,42,31,30,11,12,15,11,12,7,UEFA Nations League B
D. Bîrligea,Frosinone Calcio,Rumanía,,ST,Right,184,26,70,Rumanía,72,71,60,68,37,68,50,70,73,64,73,66,69,65,54,69,69,74,68,71,66,68,71,67,73,75,58,35,75,62,70,72,33,34,29,13,14,13,11,13,6,UEFA Nations League B
D. Peretz,Southampton FC,Israel,1,GK,Right,190,26,74,Israel,49,29,42,42,28,57,35,21,37,49,20,30,25,25,45,46,46,52,49,70,52,54,60,53,63,26,44,36,23,45,34,52,23,25,27,73,77,65,73,77,51,UEFA Nations League B
O. Glazer,Maccabi Haifa,Israel,18,GK,Right,191,30,68,Israel,44,24,36,37,28,51,24,17,22,37,19,26,26,27,43,40,40,47,45,68,49,45,53,38,58,23,47,35,12,44,32,40,28,25,24,70,70,62,69,69,49,UEFA Nations League B
A. Tzur,Hapoel Tel Aviv,Israel,23,GK,Right,195,28,61,Israel,33,18,32,28,18,47,17,10,17,40,10,20,14,18,36,25,33,33,34,61,41,39,50,32,59,17,33,31,11,39,16,46,16,10,19,62,56,54,62,62,42,UEFA Nations League B
N. Stoinov,FC Dinamo 1948,Israel,13,CB,Left,192,21,64,Israel,58,42,52,54,68,65,47,33,76,56,35,53,49,46,55,55,58,58,51,60,51,59,69,57,68,46,65,61,41,49,38,65,70,70,63,14,13,6,13,12,14,UEFA Nations League B
R. Shlomo,Maccabi Tel Aviv,Israel,4,CB,Right,188,27,64,Israel,58,43,51,55,68,70,48,37,67,57,26,50,44,44,52,60,58,58,52,61,59,64,65,64,75,42,67,66,33,45,45,59,68,67,73,15,9,7,9,6,15,UEFA Nations League B
E. Dasa,Sin equipoSin equipo,Israel,2,"CB, CDM",Right,177,33,69,Israel,60,50,58,58,71,71,53,47,62,64,43,54,53,49,61,61,59,60,56,67,62,65,74,66,73,49,70,68,37,52,50,69,70,75,73,14,10,13,8,13,8,UEFA Nations League B
I. Nachmias,Hapoel Beer Sheva,Israel,5,CB,Right,190,29,66,Israel,62,47,54,55,69,69,51,44,73,58,39,46,44,44,61,60,61,63,55,68,55,60,69,63,73,43,67,70,39,49,49,70,68,69,69,7,8,7,14,6,11,UEFA Nations League B
N. Sztejfman,Maccabi Haifa,Israel,12,"CB, RB",Right,195,18,53,Israel,50,35,43,39,54,60,40,29,61,54,27,35,30,37,42,42,46,54,39,46,41,52,62,53,64,36,57,57,28,31,36,42,52,52,53,15,10,12,11,7,9,UEFA Nations League B
R. Revivo,Elche CF,Israel,3,LB,Left,185,23,71,Israel,74,59,67,67,67,72,68,58,64,71,50,66,69,55,71,67,78,71,75,68,69,68,70,76,72,53,70,69,62,59,56,64,65,68,65,7,12,14,10,11,9,UEFA Nations League B
A. Khalaili,Crystal Palace,Israel,17,RB,Right,183,22,78,Israel,80,64,76,75,76,77,79,58,74,77,64,75,71,64,76,73,80,80,78,81,78,74,73,83,73,65,81,82,64,73,66,76,75,72,80,11,7,9,6,8,14,UEFA Nations League B
I. Feingold,New England Revolution,Israel,16,"RB, RM",Right,178,22,67,Israel,74,53,61,69,66,68,71,50,63,63,48,69,62,54,54,70,77,72,70,61,69,62,61,69,70,55,65,65,54,55,49,67,67,65,69,9,15,8,7,13,9,UEFA Nations League B
G. Mizrahi,Hapoel Beer Sheva,Israel,14,RB,Right,177,25,66,Israel,69,51,64,62,64,61,70,48,60,67,48,63,53,53,62,59,71,68,66,67,63,57,58,68,56,52,67,67,54,61,49,62,68,60,63,11,9,14,11,9,13,UEFA Nations League B
G. Kanichowsky,Maccabi Tel Aviv,Israel,16,CM,Right,165,29,69,Israel,66,63,69,72,60,64,68,61,55,68,62,70,62,65,76,72,67,65,73,68,79,62,56,70,60,68,69,63,69,69,60,75,60,62,55,13,10,9,6,8,7,UEFA Nations League B
M. Abu Fani,Estrella Roja de Belgrado,Israel,,"CM, CDM",Right,164,28,68,Israel,70,64,66,70,60,64,60,60,48,71,60,66,62,64,71,73,70,70,75,66,76,72,56,75,58,64,66,62,65,63,65,67,59,62,60,12,8,13,9,7,6,UEFA Nations League B
Y. Levi,Maccabi Haifa,Israel,6,CM,Right,176,21,65,Israel,60,58,63,68,58,62,58,55,55,64,54,65,63,63,69,73,64,56,63,63,63,61,59,62,61,61,63,60,64,64,64,69,57,58,58,6,14,12,6,15,11,UEFA Nations League B
E. Peretz,Hapoel Beer Sheva,Israel,15,"CM, CDM",Right,189,29,68,Israel,67,63,66,68,60,69,59,61,59,70,57,66,66,61,67,73,67,67,67,65,65,66,68,70,70,65,64,60,69,67,60,65,56,65,56,13,8,8,8,12,10,UEFA Nations League B
E. Azoulay,Maccabi Haifa,Israel,22,"CM, CAM",Right,175,24,69,Israel,66,62,71,72,60,64,65,56,59,74,61,74,65,62,73,72,63,69,71,67,73,68,66,70,60,69,66,62,66,72,66,72,61,59,55,12,10,14,12,11,12,UEFA Nations League B
O. Gloukh,Ajax de Ámsterdam,Israel,11,"CAM, CF",Right,171,22,73,Israel,74,68,76,77,43,63,69,67,52,80,68,77,74,73,76,78,73,74,73,76,81,63,61,72,60,73,62,47,73,75,72,79,43,39,40,15,15,7,9,7,7,UEFA Nations League B
O. Gandelman,US Lecce,Israel,,CAM,Left,188,26,74,Israel,68,73,77,75,46,70,75,73,63,79,69,74,77,70,76,78,70,67,73,69,76,70,67,73,73,74,58,49,75,77,74,76,44,41,45,7,9,8,11,6,7,UEFA Nations League B
D. Peretz,Maccabi Tel Aviv,Israel,8,"CAM, CM",Right,185,31,71,Israel,69,75,71,74,47,61,67,75,63,70,75,72,77,72,70,74,71,67,76,72,70,77,63,67,59,77,60,47,70,77,71,82,47,43,46,9,14,12,8,10,13,UEFA Nations League B
M. Solomon,West Ham United,Israel,10,"LW, ST",Left,170,27,76,Israel,82,74,72,77,46,66,77,76,66,73,75,73,77,71,65,80,79,85,83,76,79,70,67,76,62,74,63,44,78,70,74,70,43,43,44,12,8,10,11,14,8,UEFA Nations League B
Y. Shua,Beitar Jerusalem,Israel,7,LW,Both,185,27,67,Israel,73,66,66,69,38,62,67,66,64,68,60,71,64,63,54,67,75,72,69,71,61,68,57,72,62,66,52,39,70,74,62,67,35,35,33,14,11,15,10,12,9,UEFA Nations League B
L. Abada,Charlotte FC,Israel,20,RW,Right,172,25,72,Israel,78,70,69,77,40,65,75,68,53,67,66,80,76,67,62,74,75,80,76,73,77,72,61,74,64,74,59,39,73,72,67,77,39,38,38,7,10,9,14,14,6,UEFA Nations League B
T. Baribo,D.C. United,Israel,9,ST,Right,181,28,75,Israel,79,79,64,76,42,72,62,84,76,67,73,77,70,68,60,77,76,81,70,80,75,72,75,69,75,74,69,43,85,60,73,77,36,39,36,6,12,15,7,13,15,UEFA Nations League B
D. Turgeman,New England Revolution,Israel,19,ST,Both,186,22,69,Israel,69,73,57,70,38,71,56,78,76,59,72,73,62,58,54,68,73,66,67,67,66,69,71,70,73,66,65,36,76,57,73,66,30,35,34,14,12,11,8,15,15,UEFA Nations League B
I. Toklomati,Charlotte FC,Israel,21,"ST, LW",Right,183,22,68,Israel,70,71,59,67,35,68,58,74,68,64,68,68,59,55,49,67,69,70,61,70,65,69,68,64,73,66,61,33,76,58,71,67,33,31,25,7,6,15,10,14,8,UEFA Nations League B
S. Abu Farkhi,Colorado Rapids,Israel,22,"ST, LW",Both,184,20,68,Israel,70,68,56,68,37,72,53,72,69,59,66,64,61,58,49,73,70,70,71,66,61,65,73,72,73,59,67,36,76,58,68,69,33,36,25,12,12,8,6,15,14,UEFA Nations League B
S. Dimitrievski,Valencia CF,Macedonia del Norte,23,GK,Right,188,32,74,Macedonia del Norte,45,31,43,39,31,58,31,22,33,50,24,26,29,28,51,42,46,45,53,75,49,56,65,53,62,26,50,42,26,44,37,53,28,28,25,77,72,70,68,75,49,UEFA Nations League B
D. Taleski,Vardar Skopje,Macedonia del Norte,1,GK,Right,193,31,64,Macedonia del Norte,39,20,33,34,20,47,19,10,22,39,16,24,21,17,37,36,37,40,40,60,43,45,53,40,53,17,39,27,14,41,27,43,18,18,17,66,67,58,68,66,49,UEFA Nations League B
D. Siskovski,FK Borac Banja Luka,Macedonia del Norte,12,GK,Right,193,31,60,Macedonia del Norte,35,17,27,28,20,44,13,10,22,30,10,14,14,13,34,32,32,38,35,64,39,36,48,36,52,17,35,28,10,35,22,44,16,19,17,63,63,56,59,60,42,UEFA Nations League B
V. Musliu,Sint-Truidense VV,Macedonia del Norte,6,CB,Both,187,31,68,Macedonia del Norte,67,48,59,56,72,73,51,43,71,64,45,52,48,49,68,58,62,71,54,70,58,66,70,68,77,44,72,75,42,56,50,69,70,72,73,6,12,8,14,11,9,UEFA Nations League B
G. Zajkov,Ajman Club,Macedonia del Norte,5,CB,Right,188,31,67,Macedonia del Norte,59,50,55,54,69,71,52,45,71,61,42,48,49,46,60,60,60,59,49,62,58,62,68,68,72,52,71,71,47,49,49,67,68,69,65,10,15,11,10,9,6,UEFA Nations League B
M. Mladenovski,NK Varazdin,Macedonia del Norte,14,CB,Right,191,26,64,Macedonia del Norte,60,44,49,53,67,68,43,40,69,54,39,52,46,45,52,53,57,63,48,63,57,58,67,62,70,40,73,71,37,44,43,66,70,62,66,7,13,15,9,8,6,UEFA Nations League B
A. Meljichi,Shkendija Tetovo,Macedonia del Norte,13,"CB, RB",Right,192,20,59,Macedonia del Norte,56,40,46,48,61,66,43,35,61,50,31,41,38,40,52,56,56,56,43,57,47,52,66,65,69,41,59,66,39,39,43,57,56,61,63,15,13,9,11,10,10,UEFA Nations League B
A. Stojcevski,1.FC Slovacko,Macedonia del Norte,4,CB,Right,186,23,59,Macedonia del Norte,56,40,45,48,64,60,41,35,63,52,38,44,36,38,51,48,56,56,48,63,49,53,61,53,63,41,61,68,32,34,37,58,61,63,67,12,10,14,7,11,11,UEFA Nations League B
G. Djekov,Sileks Kratovo,Macedonia del Norte,,"CB, CDM",Left,186,20,60,Macedonia del Norte,57,38,51,49,63,65,50,30,60,55,35,49,43,43,60,47,56,57,52,57,48,59,58,61,66,39,69,61,34,41,38,54,62,68,61,12,13,12,9,12,11,UEFA Nations League B
D. Alomerovic,UTA Arad,Macedonia del Norte,,LB,Left,174,29,66,Macedonia del Norte,74,51,63,65,63,67,69,46,59,68,52,63,63,51,58,66,74,74,68,71,66,60,59,75,65,50,62,67,51,54,54,62,62,63,63,11,6,9,8,11,6,UEFA Nations League B
E. Alioski,FC Lugano,Macedonia del Norte,8,LB,Left,172,34,67,Macedonia del Norte,69,53,62,64,64,67,68,48,55,65,50,61,56,54,57,63,62,74,70,67,68,64,58,72,65,55,66,65,54,60,55,67,63,66,72,10,9,9,7,6,13,UEFA Nations League B
S. Herrera,FK Borac Banja Luka,Macedonia del Norte,3,"LB, LM",Left,178,31,63,Macedonia del Norte,67,49,59,61,60,61,57,43,53,64,47,60,52,49,58,59,63,70,66,64,57,57,57,60,61,53,63,61,51,58,46,70,58,62,63,9,14,11,9,11,11,UEFA Nations League B
B. Ilievski,KF Tirana,Macedonia del Norte,2,RB,Right,182,27,64,Macedonia del Norte,65,52,61,64,63,62,65,49,58,69,43,63,51,50,58,65,66,64,65,63,68,58,65,66,61,55,57,60,54,51,48,57,68,64,59,6,14,10,9,13,12,UEFA Nations League B
M. Gashtarov,Estrella Roja de Belgrado,Macedonia del Norte,16,"CDM, CM",Right,190,19,64,Macedonia del Norte,56,54,60,60,65,70,56,46,60,66,50,60,51,52,60,60,63,51,59,65,55,65,63,69,71,63,69,69,53,60,51,63,64,66,65,11,13,8,13,9,7,UEFA Nations League B
J. Atanasov,FK Aktobe,Macedonia del Norte,21,"CDM, CB",Right,187,26,64,Macedonia del Norte,56,55,62,59,64,66,51,53,67,70,48,55,53,58,63,65,55,56,52,68,57,60,71,64,67,56,64,63,57,62,56,62,63,66,65,13,15,15,9,15,10,UEFA Nations League B
T. Kostadinov,1.FC Slovacko,Macedonia del Norte,18,"CDM, CM",Right,179,30,63,Macedonia del Norte,53,53,62,58,64,66,54,52,61,62,46,54,52,54,72,62,54,53,53,59,61,57,54,67,66,53,69,65,52,69,50,59,64,66,62,14,10,12,8,9,12,UEFA Nations League B
A. Elezi,FK Sarajevo,Macedonia del Norte,15,"CM, CDM",Right,181,25,65,Macedonia del Norte,64,58,66,68,58,63,62,54,57,69,54,68,63,57,64,69,66,62,65,68,62,62,57,66,63,65,60,58,60,70,62,67,61,56,55,11,6,11,12,13,14,UEFA Nations League B
E. Elmas,Atalanta de Bérgamo,Macedonia del Norte,7,CAM,Right,184,27,77,Macedonia del Norte,76,77,80,79,51,69,75,78,66,81,78,81,81,83,73,79,78,74,77,79,76,74,70,79,65,75,66,49,79,85,76,75,51,51,42,10,9,9,7,13,14,UEFA Nations League B
E. Bardhi,Konyaspor,Macedonia del Norte,10,CAM,Right,172,31,71,Macedonia del Norte,73,70,71,74,44,62,67,67,56,72,68,76,65,65,71,73,77,70,73,81,73,72,59,67,60,75,61,48,71,76,71,70,43,40,44,11,8,7,15,15,8,UEFA Nations League B
L. Stankovski,Kolos Kovalivka,Macedonia del Norte,,CAM,Right,190,24,62,Macedonia del Norte,62,62,66,65,35,56,62,63,54,65,61,67,69,64,67,65,63,62,63,58,56,61,56,57,58,62,49,39,60,70,57,61,33,31,28,10,11,15,14,8,14,UEFA Nations League B
L. Doriev,Sogdiana Jizzakh,Macedonia del Norte,19,LW,Left,186,31,70,Macedonia del Norte,76,67,70,74,40,68,72,68,60,70,66,79,73,59,67,71,79,73,71,82,65,67,64,72,71,64,55,35,71,70,69,68,43,34,34,8,9,11,7,7,11,UEFA Nations League B
D. Mitrovski,NK Olimpija Ljubljana,Macedonia del Norte,20,"RW, ST",Left,176,27,69,Macedonia del Norte,76,68,68,70,39,60,67,68,56,71,66,69,75,63,61,69,80,73,77,79,69,71,58,69,55,63,60,42,72,67,65,70,36,37,33,15,15,6,11,10,14,UEFA Nations League B
E. Rastoder,Panathinaikos,Macedonia del Norte,11,ST,Right,191,24,71,Macedonia del Norte,74,73,62,68,38,69,62,75,80,63,70,68,65,63,65,68,73,74,65,74,68,71,72,71,72,71,59,31,76,56,74,71,35,36,30,9,10,7,12,10,12,UEFA Nations League B
B. Miovski,Rangers FC,Macedonia del Norte,9,ST,Left,189,27,66,Macedonia del Norte,67,66,59,65,33,66,60,66,69,66,64,65,62,55,48,66,68,67,60,68,59,69,65,54,75,63,57,29,71,56,64,70,30,26,32,7,11,11,9,11,12,UEFA Nations League B
H. Maleski,Struga Trim & Lum,Macedonia del Norte,22,"ST, LW",Right,183,24,62,Macedonia del Norte,63,64,53,62,27,58,48,67,65,61,66,62,58,52,40,64,59,67,55,70,53,64,62,58,59,58,56,28,65,51,62,66,24,20,18,7,15,13,14,8,15,UEFA Nations League B
A. Omeragić,Vardar Skopje,Macedonia del Norte,17,"ST, LW",Right,190,24,63,Macedonia del Norte,66,68,54,64,29,63,53,75,68,59,65,62,58,51,44,69,66,66,60,65,55,62,67,60,68,63,55,26,69,55,61,65,27,21,28,14,8,8,9,11,13,UEFA Nations League B
